Sample,Gene,SNP
ERR2515344,rpoB,L452P
ERR2515345,rpoB,S450L
ERR2515346,rpoB,S450L
ERR2515347,rpoB,H445Y
ERR2515348,rpoB,S450L
ERR2515350,rpoB,H445Y
ERR2515353,rpoB,S450L
ERR2515354,rpoB,H445D
ERR2515354,rpoB,S450L
ERR2515356,rpoB,S441L
ERR2515358,rpoB,H445Y
ERR2515361,rpoB,H445Y
ERR2515362,rpoB,H445Y
ERR2515369,rpoB,S450L
ERR2515371,rpoB,S450L
ERR2515373,rpoB,S450L
ERR2515376,rpoB,S450L
ERR2515384,rpoB,S450L
ERR2515386,rpoB,S450L
ERR2515387,rpoB,H445Y
ERR2515389,rpoB,S450L
ERR2515390,rpoB,S450L
ERR2515395,rpoB,D634G
ERR2515396,rpoB,S450L
ERR2515400,rpoB,L452P
ERR2515405,rpoB,S450L
ERR2515407,rpoB,S450W
ERR2515409,rpoB,H445D
ERR2515410,rpoB,S450L
ERR2515411,rpoB,L452P
ERR2515417,rpoB,H445Y
ERR2515419,rpoB,D435V
ERR2515423,rpoB,S450L
ERR2515425,rpoB,S450L
ERR2515436,rpoB,D435V
ERR2515438,rpoB,H445D
ERR2515438,rpoB,S450L
ERR2515441,rpoB,S450L
ERR2513742,rpoB,S450L
ERR2513750,rpoB,V113I
ERR2513753,rpoB,G28R
ERR2513770,rpoB,S450L
ERR2513775,rpoB,V359A
ERR2513782,rpoB,D545E
ERR2513786,rpoB,S450L
ERR2513791,rpoB,D435Y
ERR2513819,rpoB,H445D
ERR2513831,rpoB,S450L
ERR2513835,rpoB,S450L
ERR2517569,rpoB,S450L
ERR2517587,rpoB,K944E
ERR2517594,rpoB,T350I
ERR2517594,rpoB,S388L
ERR2517601,rpoB,K944E
ERR2517632,rpoB,D435Y
ERR2513348,rpoB,K944E
ERR2513352,rpoB,S450L
ERR2513408,rpoB,S450F
ERR2513436,rpoB,S450L
ERR2513441,rpoB,D435V
ERR2516753,rpoB,S450L
ERR2516754,rpoB,S450L
ERR2516755,rpoB,H445N
ERR2516757,rpoB,D435Y
ERR2516758,rpoB,V170F
ERR2516759,rpoB,S450L
ERR2516760,rpoB,H445D
ERR2516761,rpoB,S450L
ERR2516763,rpoB,S450L
ERR2516764,rpoB,L430P
ERR2516764,rpoB,D435G
ERR2516765,rpoB,S450L
ERR2516766,rpoB,S450L
ERR2516767,rpoB,S450L
ERR2516768,rpoB,S450L
ERR2516769,rpoB,H445Y
ERR2516770,rpoB,S450L
ERR2516771,rpoB,S450L
ERR2516772,rpoB,S450L
ERR2516773,rpoB,S450L
ERR2516774,rpoB,S450W
ERR2516775,rpoB,H445Y
ERR2516777,rpoB,S450L
ERR2516778,rpoB,S450L
ERR2516779,rpoB,S450L
ERR2516780,rpoB,D435Y
ERR2516780,rpoB,S450L
ERR2516781,rpoB,S450L
ERR2516782,rpoB,P358L
ERR2516782,rpoB,S450L
ERR2516783,rpoB,S450L
ERR2516784,rpoB,S450L
ERR2516785,rpoB,S450L
ERR2516786,rpoB,S450L
ERR2516787,rpoB,S450L
ERR2516788,rpoB,S450L
ERR2516790,rpoB,S450L
ERR2516791,rpoB,S450L
ERR2516792,rpoB,S450L
ERR2516793,rpoB,S450L
ERR2516794,rpoB,D435G
ERR2516795,rpoB,S450L
ERR2516797,rpoB,L452P
ERR2516798,rpoB,S450L
ERR2516799,rpoB,S450F
ERR2516800,rpoB,Q432K
ERR2516801,rpoB,S450L
ERR2516802,rpoB,D435V
ERR2516803,rpoB,H445Y
ERR2516804,rpoB,S450L
ERR2516805,rpoB,S450L
ERR2516806,rpoB,S450L
ERR2516807,rpoB,S450L
ERR2516808,rpoB,S450L
ERR2516809,rpoB,D435V
ERR2516810,rpoB,S450L
ERR2516811,rpoB,D435V
ERR2516812,rpoB,S450L
ERR2516813,rpoB,S450L
ERR2516814,rpoB,S450L
ERR2516815,rpoB,S450L
ERR2516816,rpoB,I491F
ERR2516817,rpoB,S450L
ERR2516818,rpoB,H445Y
ERR2516819,rpoB,H445D
ERR2516820,rpoB,S450L
ERR2516821,rpoB,S450L
ERR2516822,rpoB,S450L
ERR2516823,rpoB,S450L
ERR2516824,rpoB,S450L
ERR2516825,rpoB,S450L
ERR2516826,rpoB,S450L
ERR2516827,rpoB,S450L
ERR2516828,rpoB,S450L
ERR2516829,rpoB,D435Y
ERR2516829,rpoB,S450L
ERR2516831,rpoB,I491F
ERR2516832,rpoB,S450L
ERR2516833,rpoB,S450L
ERR2516834,rpoB,V170F
ERR2516835,rpoB,S450L
ERR2516836,rpoB,S450L
ERR2516837,rpoB,D435Y
ERR2516838,rpoB,S450L
ERR2516839,rpoB,S450L
ERR2516840,rpoB,S450L
ERR2516841,rpoB,S450L
ERR2516842,rpoB,S450L
ERR2516843,rpoB,S450L
ERR2516844,rpoB,S450L
ERR2516845,rpoB,S450L
ERR2516846,rpoB,S450L
ERR2516847,rpoB,S450L
ERR2516848,rpoB,D435V
ERR2516849,rpoB,S450L
ERR2516850,rpoB,D435V
ERR2516851,rpoB,S450L
ERR2516852,rpoB,S450L
ERR2517371,rpoB,S450L
ERR2517379,rpoB,S450L
ERR2517436,rpoB,S450L
ERR2517440,rpoB,D435Y
ERR2517445,rpoB,P358L
ERR2517446,rpoB,V113I
ERR2517448,rpoB,K944E
ERR108507,rpoB,S450L
ERR108510,rpoB,S450L
ERR108511,rpoB,S450L
ERR108514,rpoB,S450L
ERR108515,rpoB,S450L
ERR117452,rpoB,D435V
ERR117453,rpoB,S450L
ERR117454,rpoB,S450L
ERR117460,rpoB,S450L
ERR117462,rpoB,D435Y
ERR117463,rpoB,S450L
ERR117464,rpoB,S450L
ERR117466,rpoB,D435Y
ERR117468,rpoB,S450L
ERR117470,rpoB,S450L
ERR133800,rpoB,S450L
ERR133805,rpoB,S450L
ERR133806,rpoB,S450L
ERR133812,rpoB,L452P
ERR133826,rpoB,S450L
ERR133827,rpoB,S450L
ERR133831,rpoB,S450L
ERR133834,rpoB,S450L
ERR133837,rpoB,H445D
ERR133839,rpoB,S450L
ERR133844,rpoB,S450L
ERR133849,rpoB,S450L
ERR133852,rpoB,S450L
ERR133854,rpoB,S450L
ERR133855,rpoB,S450L
ERR133856,rpoB,L430P
ERR133858,rpoB,S450L
ERR133860,rpoB,S450L
ERR133866,rpoB,S450L
ERR133868,rpoB,S450L
ERR133873,rpoB,L430P
ERR133873,rpoB,D435G
ERR133878,rpoB,S450L
ERR133879,rpoB,S450L
ERR133880,rpoB,S450L
ERR133882,rpoB,H445D
ERR133885,rpoB,S450L
ERR133886,rpoB,S450L
ERR2510541,rpoB,S450L
ERR2510542,rpoB,S450L
ERR2510543,rpoB,H445Y
ERR2510544,rpoB,Q432L
ERR2510545,rpoB,S450L
ERR2510546,rpoB,S450L
ERR2510547,rpoB,S450L
ERR2510548,rpoB,L452P
ERR2510549,rpoB,S450L
ERR2510550,rpoB,S450L
ERR2510551,rpoB,L430P
ERR2510552,rpoB,D435Y
ERR2510553,rpoB,S450L
ERR2510554,rpoB,S450L
ERR2510556,rpoB,S450L
ERR2510557,rpoB,S450L
ERR2510558,rpoB,S450L
ERR2510559,rpoB,D435Y
ERR2510560,rpoB,S450L
ERR2510561,rpoB,S450L
ERR2510562,rpoB,H445R
ERR2510563,rpoB,H445L
ERR2510564,rpoB,H445N
ERR2510565,rpoB,H445Y
ERR2510567,rpoB,S450L
ERR2510568,rpoB,S450W
ERR2510569,rpoB,S450L
ERR2510570,rpoB,D435V
ERR2510571,rpoB,S450L
ERR2510572,rpoB,S450L
ERR2510573,rpoB,M434I
ERR2510573,rpoB,D435Y
ERR2510574,rpoB,L452P
ERR2510575,rpoB,S450L
ERR2510576,rpoB,S450L
ERR2510577,rpoB,S450L
ERR2510578,rpoB,S450L
ERR2510579,rpoB,S450L
ERR2510580,rpoB,S450L
ERR2510581,rpoB,M434I
ERR2510581,rpoB,D435Y
ERR2510582,rpoB,M434I
ERR2510582,rpoB,D435Y
ERR2510583,rpoB,S450L
ERR2510584,rpoB,S450L
ERR2510585,rpoB,S450L
ERR2510586,rpoB,S450L
ERR2510587,rpoB,D435Y
ERR2510588,rpoB,S450L
ERR2510589,rpoB,S450L
ERR2510590,rpoB,S450L
ERR2510591,rpoB,D435V
ERR2510592,rpoB,S450L
ERR2510593,rpoB,S450L
ERR2510594,rpoB,H445D
ERR2510595,rpoB,S450L
ERR2510596,rpoB,H445N
ERR2510597,rpoB,D435V
ERR2510597,rpoB,S450L
ERR2510598,rpoB,S450L
ERR2510599,rpoB,S450L
ERR2510600,rpoB,S450L
ERR2510602,rpoB,D435G
ERR2510603,rpoB,S450L
ERR2510604,rpoB,S450L
ERR2510605,rpoB,S450L
ERR2510606,rpoB,S450L
ERR2510607,rpoB,S450L
ERR2510608,rpoB,S450L
ERR2510609,rpoB,S441L
ERR2510610,rpoB,S450L
ERR2510611,rpoB,D435V
ERR2510612,rpoB,S450L
ERR2510613,rpoB,S450L
ERR2510614,rpoB,S450L
ERR2510615,rpoB,L452P
ERR2510616,rpoB,I491F
ERR2510617,rpoB,S450L
ERR2510618,rpoB,L452P
ERR2510619,rpoB,S441L
ERR2510619,rpoB,H445R
ERR2510620,rpoB,S450L
ERR2510621,rpoB,V170F
ERR2510622,rpoB,S450L
ERR2510623,rpoB,S450L
ERR2510624,rpoB,S450L
ERR2510625,rpoB,S450L
ERR2510626,rpoB,S450L
ERR2510628,rpoB,S450L
ERR2510629,rpoB,S450L
ERR2510630,rpoB,D435G
ERR2510631,rpoB,S450L
ERR2510633,rpoB,S450L
ERR2510634,rpoB,S450L
ERR2510636,rpoB,S450L
ERR2510637,rpoB,D435Y
ERR2510638,rpoB,S450L
ERR2510639,rpoB,S450L
ERR2510640,rpoB,S450L
ERR2513295,rpoB,S450L
ERR2513326,rpoB,T350I
ERR2513326,rpoB,S388L
ERR227982,rpoB,S450L
ERR227983,rpoB,S450L
ERR227985,rpoB,S450L
ERR227987,rpoB,S450L
ERR227996,rpoB,S450L
ERR228001,rpoB,S450L
ERR228003,rpoB,S450L
ERR228006,rpoB,S450L
ERR228009,rpoB,S450L
ERR228012,rpoB,S450L
ERR228013,rpoB,S450L
ERR228017,rpoB,S450L
ERR228019,rpoB,S450L
ERR228024,rpoB,S450L
ERR228025,rpoB,S450L
ERR228028,rpoB,S450L
ERR228029,rpoB,S450L
ERR228032,rpoB,S450L
ERR228036,rpoB,H445D
ERR228037,rpoB,S450L
ERR228039,rpoB,S450L
ERR228042,rpoB,S450L
ERR228043,rpoB,S450L
ERR228046,rpoB,S450L
ERR228049,rpoB,S450L
ERR228055,rpoB,L452P
ERR228056,rpoB,S450L
ERR228059,rpoB,S450L
ERR228061,rpoB,S450L
ERR228062,rpoB,S450L
ERR228064,rpoB,S450L
ERR229915,rpoB,S450L
ERR229918,rpoB,S450L
ERR229921,rpoB,S450L
ERR229922,rpoB,S450L
ERR229923,rpoB,S450L
ERR229924,rpoB,S450L
ERR229926,rpoB,S450L
ERR229927,rpoB,S450L
ERR229929,rpoB,S450L
ERR229931,rpoB,S450L
ERR229932,rpoB,S450L
ERR229936,rpoB,S450L
ERR229940,rpoB,H445R
ERR234622,rpoB,S450L
ERR234623,rpoB,S450L
ERR234627,rpoB,H445Y
ERR234630,rpoB,S450L
ERR234631,rpoB,H445Y
ERR234633,rpoB,S450L
ERR234637,rpoB,S450L
ERR234639,rpoB,S450L
ERR234641,rpoB,S450L
ERR234646,rpoB,S450L
ERR234648,rpoB,S450L
ERR234649,rpoB,S450L
ERR234651,rpoB,L430P
ERR234651,rpoB,L452P
ERR234653,rpoB,S450L
ERR234654,rpoB,S450L
ERR234657,rpoB,S450L
ERR234658,rpoB,S450L
ERR234660,rpoB,S450L
ERR234661,rpoB,S450L
ERR234666,rpoB,S450L
ERR234667,rpoB,S388L
ERR234668,rpoB,S450L
ERR234669,rpoB,S450L
ERR234671,rpoB,S450L
ERR234672,rpoB,S450L
ERR234688,rpoB,L430P
ERR234692,rpoB,H445L
ERR234698,rpoB,S450L
ERR2509884,rpoB,S450L
ERR2509897,rpoB,S450L
ERR2510128,rpoB,H445D
ERR2510129,rpoB,S450F
ERR2510132,rpoB,S450L
ERR2510133,rpoB,D435V
ERR2510135,rpoB,S450L
ERR2510136,rpoB,S450L
ERR2510137,rpoB,S450L
ERR2510137,rpoB,V695L
ERR2510138,rpoB,H445C
ERR2510140,rpoB,S450L
ERR2513564,rpoB,S450L
ERR2513572,rpoB,S450L
ERR2513608,rpoB,S450L
ERR2513631,rpoB,I491F
ERR2516675,rpoB,D435Y
ERR2516676,rpoB,S450L
SRR5817463,rpoB,S450L
SRR5817464,rpoB,S450F
SRR5817466,rpoB,S441L
SRR5817469,rpoB,S450L
SRR5817471,rpoB,H445Y
SRR5817472,rpoB,S450L
SRR5817475,rpoB,S21F
SRR5817475,rpoB,S450L
SRR5817478,rpoB,S450L
SRR5817479,rpoB,H445Y
SRR6339637,rpoB,S450L
SRR6339640,rpoB,S450L
SRR6339641,rpoB,P358L
SRR6339641,rpoB,S450L
SRR6339642,rpoB,S450L
SRR6339643,rpoB,D435F
SRR6339644,rpoB,G28R
SRR6339644,rpoB,S450F
SRR6339648,rpoB,S450L
SRR6339649,rpoB,S450L
SRR6339651,rpoB,S450L
SRR6339653,rpoB,S450L
SRR6339661,rpoB,S450L
SRR6339663,rpoB,S450L
SRR6339665,rpoB,L430P
SRR6339665,rpoB,D435G
SRR6339667,rpoB,S450L
SRR6367395,rpoB,S450L
SRR6367399,rpoB,S450L
SRR6367401,rpoB,S450L
SRR6369876,rpoB,S450L
SRR671719,rpoB,L452P
SRR671720,rpoB,H445L
SRR671721,rpoB,D435G
SRR671721,rpoB,H445D
SRR671722,rpoB,S450L
SRR671723,rpoB,L430P
SRR671724,rpoB,S450L
SRR671725,rpoB,S450L
SRR671726,rpoB,S450L
SRR671727,rpoB,S450L
SRR671728,rpoB,S450L
SRR671731,rpoB,H445D
SRR671732,rpoB,S450L
SRR671733,rpoB,L452P
SRR671734,rpoB,H445D
SRR671735,rpoB,S450L
SRR671736,rpoB,S450L
SRR671737,rpoB,S450L
SRR671738,rpoB,H445Y
SRR671739,rpoB,H445D
SRR671740,rpoB,H445Y
SRR671742,rpoB,H445D
SRR671743,rpoB,S450L
SRR671744,rpoB,S450L
SRR671745,rpoB,H445Y
SRR671746,rpoB,H445Y
SRR671748,rpoB,D435G
SRR671749,rpoB,H445R
SRR671750,rpoB,S450L
SRR671751,rpoB,H445R
SRR671752,rpoB,D435Y
SRR671753,rpoB,S450L
SRR671754,rpoB,S450L
SRR671755,rpoB,S450L
SRR671756,rpoB,S450L
SRR671757,rpoB,S450L
SRR671758,rpoB,H445R
SRR671759,rpoB,D435Y
SRR671759,rpoB,H445D
SRR671760,rpoB,D435G
SRR671760,rpoB,L452P
SRR671761,rpoB,H445Y
SRR671765,rpoB,S441L
SRR671766,rpoB,S450L
SRR671767,rpoB,L430P
SRR671767,rpoB,D435V
SRR671768,rpoB,S450L
SRR671769,rpoB,H445D
SRR671770,rpoB,V170F
SRR671771,rpoB,L452P
SRR671774,rpoB,H445D
SRR671779,rpoB,S450L
SRR671780,rpoB,L452P
SRR671781,rpoB,S450L
SRR671784,rpoB,S450L
SRR671785,rpoB,D435G
SRR671785,rpoB,L452P
SRR671787,rpoB,H445Y
SRR671789,rpoB,H445L
SRR671791,rpoB,D435V
SRR671794,rpoB,D435G
SRR671794,rpoB,L452P
SRR671795,rpoB,L430P
SRR671796,rpoB,S450L
SRR671797,rpoB,S450L
SRR671798,rpoB,S450L
SRR671799,rpoB,S450L
SRR671801,rpoB,S450L
SRR671804,rpoB,D435A
SRR671804,rpoB,L452P
SRR671806,rpoB,L452P
SRR671807,rpoB,S450L
SRR671809,rpoB,S450L
SRR671810,rpoB,H445F
SRR671811,rpoB,S450L
SRR671812,rpoB,S450L
SRR671813,rpoB,S450L
SRR671815,rpoB,S450L
SRR671816,rpoB,H445D
SRR671817,rpoB,H445D
SRR671818,rpoB,S450L
SRR671818,rpoB,D545E
SRR671819,rpoB,L430P
SRR671820,rpoB,H445D
SRR671821,rpoB,S450L
SRR671822,rpoB,S450L
SRR671824,rpoB,S450L
SRR671824,rpoB,P454L
SRR671825,rpoB,S450L
SRR671826,rpoB,S450L
SRR671828,rpoB,H445D
SRR671829,rpoB,S450L
SRR671831,rpoB,S450L
SRR671834,rpoB,S450L
SRR671837,rpoB,S450L
SRR671838,rpoB,D435V
SRR671839,rpoB,H445Y
SRR671840,rpoB,H445Y
SRR671841,rpoB,H445N
SRR671841,rpoB,P454L
SRR671843,rpoB,S450L
SRR671844,rpoB,S450L
SRR671845,rpoB,S450L
SRR671847,rpoB,D435Y
SRR671848,rpoB,H445Y
SRR671849,rpoB,S450L
SRR671850,rpoB,S450L
SRR671851,rpoB,L430P
SRR671852,rpoB,H445Y
SRR671853,rpoB,S450L
SRR671855,rpoB,S450L
SRR671857,rpoB,S450L
SRR671861,rpoB,S450L
SRR671862,rpoB,S450L
SRR671863,rpoB,H445L
SRR671864,rpoB,H445L
SRR671865,rpoB,S450L
SRR671866,rpoB,S450L
SRR671867,rpoB,D435V
SRR671868,rpoB,S450L
SRR671869,rpoB,L430P
SRR671869,rpoB,H445N
SRS935920,rpoB,S450L
SRS935921,rpoB,S450L
SRS935922,rpoB,S450L
SRS935923,rpoB,S450L
SRS935924,rpoB,S450L
SRS935925,rpoB,S450L
SRS935926,rpoB,H445Y
SRS935927,rpoB,S450L
SRS935928,rpoB,S450L
SRS935929,rpoB,S450L
SRS935930,rpoB,S450L
SRS935931,rpoB,S450L
SRS935932,rpoB,S450L
SRS935933,rpoB,S450L
SRS935934,rpoB,L430P
SRS935934,rpoB,H445Y
SRS935935,rpoB,S450L
SRS935936,rpoB,S450L
SRS935937,rpoB,S450L
SRS935938,rpoB,H445D
SRS935939,rpoB,S450L
SRS935940,rpoB,H445Y
SRS935941,rpoB,L430P
SRS935941,rpoB,D435G
SRS935942,rpoB,L430P
SRS935943,rpoB,S450L
SRS935944,rpoB,S450L
SRS935945,rpoB,S450L
SRS935946,rpoB,S450L
SRS935947,rpoB,S450L
SRS935948,rpoB,S450L
SRS935949,rpoB,S450L
SRS935950,rpoB,S450L
SRS935951,rpoB,S450L
SRS935952,rpoB,S450L
SRS935953,rpoB,H445Y
SRS935954,rpoB,S450L
SRS935955,rpoB,D435V
SRS935956,rpoB,S450L
SRS935957,rpoB,S450L
SRS935958,rpoB,D435V
SRS935959,rpoB,S450L
SRS935960,rpoB,S450L
SRS935961,rpoB,S450L
SRS935962,rpoB,H445Y
SRS935963,rpoB,S450L
SRS935964,rpoB,S450L
SRS935965,rpoB,S450L
SRS935966,rpoB,L430P
SRS935967,rpoB,S450L
SRS935968,rpoB,S450L
SRS935969,rpoB,S450L
SRS935970,rpoB,L452P
SRS935971,rpoB,L430P
SRS935972,rpoB,H445N
SRS935973,rpoB,H445N
SRS935974,rpoB,S450L
SRS935975,rpoB,S450L
SRS935976,rpoB,H445Y
SRS935977,rpoB,H445Y
SRS935978,rpoB,S450W
SRS935979,rpoB,L430P
SRS935979,rpoB,D435G
SRS935981,rpoB,S450L
SRS935982,rpoB,S450L
SRS935983,rpoB,H445Y
SRS935984,rpoB,S450L
SRS935985,rpoB,H445Y
SRS935986,rpoB,Q432P
SRS935987,rpoB,S450L
SRS935988,rpoB,H445D
SRS935989,rpoB,S450L
SRS935990,rpoB,S450L
SRS935991,rpoB,S450L
SRS935992,rpoB,S450L
SRS935993,rpoB,S450L
SRS935994,rpoB,S450L
SRS935995,rpoB,L430P
SRS935995,rpoB,D435Y
SRS935996,rpoB,S450W
SRS935997,rpoB,L452P
SRS935998,rpoB,S450L
SRS935999,rpoB,L430P
SRS935999,rpoB,Q432P
SRS936000,rpoB,L430P
SRS936000,rpoB,Q432P
SRS936001,rpoB,S450L
SRS936002,rpoB,S450L
SRS936003,rpoB,S450L
SRS936004,rpoB,L430P
SRS936005,rpoB,S450L
SRS936006,rpoB,S450L
SRS936007,rpoB,D435V
SRS936008,rpoB,H445R
SRS936009,rpoB,D435Y
SRS936010,rpoB,S450L
SRS936011,rpoB,S450L
SRS936012,rpoB,S450L
SRS936013,rpoB,H445R
SRS936014,rpoB,H445Y
SRS936015,rpoB,H445Y
SRS936016,rpoB,L430P
SRS936017,rpoB,H445R
SRS936018,rpoB,H445Y
SRS936019,rpoB,S450L
SRS936020,rpoB,S450L
SRS936021,rpoB,L430P
SRS936022,rpoB,S450L
SRS936023,rpoB,S450L
SRS936024,rpoB,L430P
SRS936025,rpoB,S450L
SRS936026,rpoB,S450L
SRS936027,rpoB,L430P
SRS936027,rpoB,Q432P
SRS936028,rpoB,S450L
SRS936029,rpoB,Q432P
SRS936029,rpoB,S450L
SRS936030,rpoB,S450L
SRS936031,rpoB,L430P
SRS936032,rpoB,L452P
SRS936033,rpoB,S450L
SRS936034,rpoB,L430P
SRS936034,rpoB,H445Y
SRS936036,rpoB,H445P
SRS936037,rpoB,S450L
SRS936038,rpoB,S450L
SRS936039,rpoB,S450L
SRS936040,rpoB,H445Y
SRS936041,rpoB,S450W
SRR5709872,rpoB,S450L
SRR5710026,rpoB,H445Y
SRR5710027,rpoB,S450L
SRR5710028,rpoB,S450L
SRR5837706,rpoB,S450L
SRR5837707,rpoB,S450L
SRR5837708,rpoB,S450L
SRR5837709,rpoB,S450L
SRR5837710,rpoB,S450L
SRR5837711,rpoB,V170F
SRR5837712,rpoB,H445Y
SRR6044768,rpoB,L430P
SRR6045256,rpoB,P358L
SRR6045369,rpoB,H343Q
SRR6046838,rpoB,L430P
ERR2517053,rpoB,S450L
ERR2517054,rpoB,S450L
ERR2517055,rpoB,S450L
ERR2517056,rpoB,H445D
ERR2517057,rpoB,S450L
ERR2517059,rpoB,S450L
ERR2517060,rpoB,D435Y
ERR2517062,rpoB,S450L
ERR2517063,rpoB,S450L
ERR2517064,rpoB,H445R
ERR2517065,rpoB,L452P
ERR2517066,rpoB,H445D
ERR2517067,rpoB,V359A
ERR2517067,rpoB,D435Y
ERR2517068,rpoB,S450L
ERR2517069,rpoB,H445C
ERR2517070,rpoB,S450L
ERR2517071,rpoB,D435V
ERR2517073,rpoB,S450L
ERR2517074,rpoB,S450L
ERR2517075,rpoB,S450L
ERR2517076,rpoB,H445D
ERR2517077,rpoB,S450L
ERR2517078,rpoB,S450L
ERR2517079,rpoB,S450L
ERR2517080,rpoB,S450L
ERR2517081,rpoB,S450L
ERR2517082,rpoB,H445C
ERR2517083,rpoB,S450L
ERR2517084,rpoB,S450L
ERR2517085,rpoB,V170F
ERR2517086,rpoB,D435V
ERR2517087,rpoB,L430P
ERR2517088,rpoB,D435Y
ERR2517088,rpoB,H445C
ERR2517089,rpoB,S450L
ERR2517090,rpoB,S450L
ERR2517091,rpoB,H445D
ERR2517092,rpoB,D435V
ERR2517093,rpoB,S450L
ERR2517094,rpoB,V170F
ERR2517095,rpoB,S450L
ERR2517097,rpoB,L430P
ERR2517098,rpoB,S450L
ERR2517099,rpoB,S450L
ERR2517101,rpoB,S450L
ERR2517103,rpoB,S450L
ERR2517104,rpoB,S450L
ERR2517106,rpoB,H445R
ERR2517107,rpoB,S450L
ERR2517108,rpoB,S450L
ERR2517110,rpoB,S450L
ERR2517111,rpoB,S450L
ERR2517112,rpoB,H445Y
ERR2517113,rpoB,D435A
ERR2517114,rpoB,S450L
ERR2517115,rpoB,S450L
ERR2517116,rpoB,S450L
ERR2517117,rpoB,S450L
ERR2517118,rpoB,S450L
ERR2517119,rpoB,S450L
ERR2517120,rpoB,S450W
ERR2517121,rpoB,H445Y
ERR2517122,rpoB,S450L
ERR2517123,rpoB,S450L
ERR2517124,rpoB,S450L
ERR2517125,rpoB,D435Y
ERR2517143,rpoB,M390T
SRR6397730,rpoB,S450L
SRR6397731,rpoB,D435V
SRR6397748,rpoB,S450L
SRR6397784,rpoB,S450L
SRR6397810,rpoB,S450L
ERR2510341,rpoB,S450L
ERR2510342,rpoB,H445R
ERR2510343,rpoB,S450L
ERR2510347,rpoB,H445N
ERR2510350,rpoB,S450L
ERR2510352,rpoB,D435V
ERR2510353,rpoB,S450W
ERR2510354,rpoB,H445L
ERR2510355,rpoB,D435V
ERR2510357,rpoB,S450L
ERR2510358,rpoB,S441Q
ERR2510360,rpoB,S450L
ERR2510361,rpoB,S450L
ERR2510363,rpoB,S450L
ERR2510364,rpoB,S450L
ERR2510365,rpoB,S450L
ERR2510369,rpoB,S450L
ERR2510370,rpoB,S450L
ERR2510373,rpoB,D435Y
ERR2510376,rpoB,S450L
ERR2510377,rpoB,S450L
ERR2510378,rpoB,S450L
ERR2510381,rpoB,H445Y
ERR2510383,rpoB,D435V
ERR2510384,rpoB,S450L
ERR2510385,rpoB,S450L
ERR2510386,rpoB,S450L
ERR2510387,rpoB,S450L
ERR2510388,rpoB,S450L
ERR2510389,rpoB,S450L
ERR2510390,rpoB,Q432L
ERR2510391,rpoB,S450L
ERR2510392,rpoB,S450L
ERR2510393,rpoB,D435V
ERR2510394,rpoB,D435V
ERR2510395,rpoB,D435V
ERR2510396,rpoB,H445R
ERR2510397,rpoB,S450L
ERR2510398,rpoB,S450L
ERR2510399,rpoB,S450L
ERR2510400,rpoB,D435Y
ERR2510401,rpoB,H445L
ERR2510402,rpoB,S450L
ERR2510403,rpoB,H445Y
ERR2510404,rpoB,S450L
ERR2510405,rpoB,S450L
ERR2510406,rpoB,S450L
ERR2510407,rpoB,H445D
ERR2510409,rpoB,Q432K
ERR2510410,rpoB,S450L
ERR2510411,rpoB,S450L
ERR2510412,rpoB,L452P
ERR2510413,rpoB,H445C
ERR2510414,rpoB,S450L
ERR2510415,rpoB,M434I
ERR2510415,rpoB,D435Y
ERR2510416,rpoB,H445R
ERR2510417,rpoB,S450L
ERR2510418,rpoB,P358L
ERR2510418,rpoB,D435Y
ERR2510419,rpoB,D435Y
ERR2510420,rpoB,Q432L
ERR2510421,rpoB,S450L
ERR2510422,rpoB,S450L
ERR2510423,rpoB,S450W
ERR2510424,rpoB,D435F
ERR2510425,rpoB,S450L
ERR2510426,rpoB,S450L
ERR2510427,rpoB,S450L
ERR2510428,rpoB,S450L
ERR2510429,rpoB,S450L
ERR2510430,rpoB,S450L
ERR2510431,rpoB,H445N
ERR2510432,rpoB,Q432L
ERR2510433,rpoB,S450L
ERR2510434,rpoB,S450L
ERR2510435,rpoB,S450W
ERR2510436,rpoB,D435G
ERR2510437,rpoB,S450L
ERR2510438,rpoB,L452P
ERR2510439,rpoB,S450L
ERR2510440,rpoB,S450L
SRR6044837,rpoB,S450L
SRR6045245,rpoB,V170F
SRR6045496,rpoB,T350I
SRR6045496,rpoB,S388L
SRR6045520,rpoB,L452P
SRR6045932,rpoB,S450L
SRR6046329,rpoB,D515Y
SRR6046530,rpoB,S450L
SRR6046888,rpoB,S450L
ERR2516953,rpoB,S450L
ERR2516954,rpoB,S450L
ERR2516955,rpoB,S450L
ERR2516956,rpoB,D435Y
ERR2516958,rpoB,H445D
ERR2516959,rpoB,S450L
ERR2516960,rpoB,S450L
ERR2516961,rpoB,S450L
ERR2516962,rpoB,S450L
ERR2516963,rpoB,S450L
ERR2516964,rpoB,H445D
ERR2516965,rpoB,S450L
ERR2516967,rpoB,S450L
ERR2516968,rpoB,S450L
ERR2516969,rpoB,S450L
ERR2516970,rpoB,S450L
ERR2516971,rpoB,S450L
ERR2516972,rpoB,S450Q
ERR2516973,rpoB,S450L
ERR2516974,rpoB,H445D
ERR2516975,rpoB,S450L
ERR2516976,rpoB,S450L
ERR2516977,rpoB,D435V
ERR2516978,rpoB,S450L
ERR2516979,rpoB,S450L
ERR2516980,rpoB,S450L
ERR2516981,rpoB,S450L
ERR2516982,rpoB,S450L
ERR2516983,rpoB,S450L
ERR2516984,rpoB,S450L
ERR2516985,rpoB,S450L
ERR2516986,rpoB,H445D
ERR2516987,rpoB,V170F
ERR2516988,rpoB,D435Y
ERR2516989,rpoB,S450L
ERR2516990,rpoB,S450L
ERR2516991,rpoB,S450L
ERR2516993,rpoB,S450W
ERR2516994,rpoB,S450L
ERR2516995,rpoB,S450L
ERR2516996,rpoB,V359A
ERR2516996,rpoB,D435Y
ERR2516997,rpoB,H445D
ERR2516998,rpoB,S450L
ERR2516999,rpoB,S450L
ERR2517000,rpoB,S450L
ERR2517001,rpoB,S450L
ERR2517002,rpoB,S450L
ERR2517003,rpoB,S450L
ERR2517004,rpoB,S450L
ERR2517005,rpoB,S450L
ERR2517006,rpoB,S450L
ERR2517007,rpoB,S450L
ERR2517008,rpoB,S450L
ERR2517009,rpoB,S450L
ERR2517010,rpoB,S450L
ERR2517011,rpoB,S450L
ERR2517012,rpoB,D435Y
ERR2517013,rpoB,S450L
ERR2517014,rpoB,H445L
ERR2517015,rpoB,S450L
ERR2517016,rpoB,S450L
ERR2517017,rpoB,S450L
ERR2517018,rpoB,L430P
ERR2517019,rpoB,S450L
ERR2517020,rpoB,S450L
ERR2517021,rpoB,V170F
ERR2517022,rpoB,H445Y
ERR2517023,rpoB,S450L
ERR2517024,rpoB,D435V
ERR2517025,rpoB,S441L
ERR2517026,rpoB,H445Y
ERR2517027,rpoB,S450L
ERR2517028,rpoB,V170F
ERR2517029,rpoB,S450L
ERR2517031,rpoB,D435Y
ERR2517032,rpoB,S450L
ERR2517033,rpoB,H445Y
ERR2517035,rpoB,V170F
ERR2517036,rpoB,V170F
ERR2517037,rpoB,V170F
ERR2517038,rpoB,S450L
ERR2517039,rpoB,H445Y
ERR2517040,rpoB,S450L
ERR2517041,rpoB,S450L
ERR2517042,rpoB,S450L
ERR2517043,rpoB,S450L
ERR2517044,rpoB,D435V
ERR2517045,rpoB,S450L
ERR2517046,rpoB,S450L
ERR2517047,rpoB,S450L
ERR2517049,rpoB,D435V
ERR2517052,rpoB,S450L
SRR6397399,rpoB,S450L
SRR6397408,rpoB,H445Y
ERR2516550,rpoB,S450L
ERR2516551,rpoB,S450L
ERR2516552,rpoB,S450L
ERR2516553,rpoB,S450L
ERR2516554,rpoB,S450L
ERR2516555,rpoB,D435G
ERR2516556,rpoB,H445D
ERR2516557,rpoB,H445Y
ERR2516558,rpoB,S450L
ERR2516559,rpoB,S450L
ERR2516560,rpoB,S450L
ERR2516562,rpoB,S450L
ERR2516565,rpoB,V695L
ERR2516566,rpoB,S450L
ERR2516567,rpoB,H445Y
ERR2516569,rpoB,S450L
ERR2516570,rpoB,S450L
ERR2516571,rpoB,S450L
ERR2516572,rpoB,D435V
ERR2516573,rpoB,S450L
ERR2516574,rpoB,S450L
ERR2516575,rpoB,S450L
ERR2516576,rpoB,S450L
ERR2516576,rpoB,V695L
ERR2516577,rpoB,S450L
ERR2516578,rpoB,D435V
ERR2516579,rpoB,D435F
ERR2516580,rpoB,S450L
ERR2516582,rpoB,Q432P
ERR2516583,rpoB,D435V
ERR2516584,rpoB,S450L
ERR2516586,rpoB,D435V
ERR2516588,rpoB,S450L
ERR2516589,rpoB,L452P
ERR2516590,rpoB,D435V
ERR2516591,rpoB,S450L
ERR2516591,rpoB,V695L
ERR2516593,rpoB,H445D
ERR2516594,rpoB,H445Y
ERR2516595,rpoB,D435V
ERR2516596,rpoB,S450W
ERR2516597,rpoB,S450L
ERR2516598,rpoB,S450L
ERR2516599,rpoB,S450L
ERR2516599,rpoB,V695L
ERR2516601,rpoB,S450L
ERR2516602,rpoB,H445C
ERR2516603,rpoB,S450L
ERR2516604,rpoB,S450L
ERR2516605,rpoB,S450W
ERR2516606,rpoB,S450L
ERR2516607,rpoB,S450L
ERR2516608,rpoB,D435V
ERR2516609,rpoB,S450L
ERR2516610,rpoB,H445Y
ERR2516613,rpoB,S450L
ERR2516614,rpoB,D435V
ERR2516615,rpoB,S450L
ERR2516616,rpoB,S450L
ERR2516617,rpoB,S450L
ERR2516618,rpoB,S450L
ERR2516619,rpoB,S450L
ERR2516621,rpoB,S450L
ERR2516622,rpoB,S450L
ERR2516623,rpoB,D435V
ERR2516624,rpoB,S450L
ERR2516625,rpoB,S450L
ERR2516627,rpoB,S450L
ERR2516628,rpoB,S450L
ERR2516630,rpoB,S450L
ERR2516631,rpoB,S450L
ERR2516632,rpoB,S450W
ERR2516633,rpoB,S450L
ERR2516634,rpoB,S450L
ERR2516636,rpoB,S450L
ERR2516638,rpoB,S450L
ERR2516640,rpoB,H445D
ERR2516641,rpoB,H445Y
ERR2516642,rpoB,H445Y
ERR2516643,rpoB,S450L
ERR2516644,rpoB,L452P
ERR2516645,rpoB,D435V
ERR2516645,rpoB,V695L
ERR2516646,rpoB,D435V
ERR2516647,rpoB,S450L
ERR2516648,rpoB,S450L
ERR2516649,rpoB,D435V
SRR6398011,rpoB,S450L
SRR6398041,rpoB,S450L
SRR6398050,rpoB,S450L
SRR6398076,rpoB,S450L
SRR6398091,rpoB,S450L
ERR2514153,rpoB,P358L
ERR2514159,rpoB,H445Y
ERR2514190,rpoB,A69P
ERR2514206,rpoB,T350I
ERR2514206,rpoB,S388L
ERR2514240,rpoB,S450L
SRR6044856,rpoB,S450L
SRR6044909,rpoB,H445L
SRR6045085,rpoB,S450L
SRR6045574,rpoB,D515Y
SRR6046243,rpoB,V170F
SRR6046574,rpoB,S450L
SRR6046733,rpoB,V170F
SRR6046733,rpoB,D435Y
SRR6046819,rpoB,I491F
ERR2512851,rpoB,H445Y
ERR2512878,rpoB,S450L
ERR2512882,rpoB,S450L
ERR2512930,rpoB,V170F
ERR2512932,rpoB,K944E
ERR2512934,rpoB,E132D
ERR2512936,rpoB,S450L
ERR2510141,rpoB,S450L
ERR2510145,rpoB,S450L
ERR2510146,rpoB,H445Y
ERR2510148,rpoB,S450L
ERR2510150,rpoB,S450L
ERR2510153,rpoB,S450L
ERR2510154,rpoB,S450F
ERR2510159,rpoB,D435F
ERR2510160,rpoB,D435V
ERR2510164,rpoB,V695L
ERR2510165,rpoB,S450L
ERR2510166,rpoB,V695L
ERR2510167,rpoB,D435V
ERR2510168,rpoB,S450L
ERR2510168,rpoB,V695L
ERR2510169,rpoB,S450L
ERR2510170,rpoB,S450L
ERR2510171,rpoB,S450L
ERR2510171,rpoB,V695L
ERR2510172,rpoB,S450L
ERR2510174,rpoB,S450L
ERR2510175,rpoB,S450L
ERR2510175,rpoB,V695L
ERR2510181,rpoB,S450L
ERR2510182,rpoB,S450L
ERR2510182,rpoB,V695L
ERR2510184,rpoB,S450L
ERR2510184,rpoB,V695L
ERR2510185,rpoB,S450L
ERR2510187,rpoB,D435V
ERR2510188,rpoB,D435V
ERR2510190,rpoB,D435F
ERR2510191,rpoB,S450L
ERR2510194,rpoB,S450L
ERR2510195,rpoB,S450L
ERR2510196,rpoB,S450L
ERR2510197,rpoB,S450L
ERR2510199,rpoB,D435V
ERR2510201,rpoB,S450L
ERR2510202,rpoB,S450L
ERR2510203,rpoB,I491F
ERR2510211,rpoB,D435V
ERR2510212,rpoB,S450L
ERR2510214,rpoB,S450L
ERR2510215,rpoB,H445D
ERR2510216,rpoB,D435F
ERR2510217,rpoB,S450L
ERR2510218,rpoB,H445D
ERR2510219,rpoB,S450L
ERR2510223,rpoB,D435V
ERR2510224,rpoB,S450L
ERR2510225,rpoB,D435V
ERR2510226,rpoB,S450L
ERR2510228,rpoB,H445Y
ERR2510231,rpoB,S450L
ERR2510231,rpoB,V695L
ERR2510232,rpoB,S450L
ERR2510233,rpoB,S450L
ERR2510234,rpoB,H445D
ERR2510234,rpoB,V695L
ERR2510235,rpoB,S450L
ERR2510237,rpoB,D435F
ERR2510238,rpoB,S450L
ERR2516650,rpoB,S450L
ERR2516650,rpoB,V695L
ERR2516651,rpoB,D435V
ERR2516652,rpoB,S450L
ERR2516653,rpoB,S450L
ERR2516654,rpoB,S450L
ERR2516655,rpoB,S450L
ERR2516656,rpoB,S450W
ERR2516657,rpoB,D435V
ERR2516658,rpoB,S450L
ERR2516659,rpoB,V170F
ERR2516660,rpoB,S450W
ERR2516661,rpoB,S450L
ERR2516661,rpoB,K944E
ERR2516662,rpoB,D435V
ERR2516663,rpoB,S450L
ERR2516664,rpoB,S450L
ERR2516665,rpoB,I491F
ERR2516666,rpoB,D435V
ERR2516667,rpoB,S450L
ERR2516667,rpoB,V695L
ERR2516668,rpoB,S450L
ERR2516669,rpoB,S450L
ERR2516670,rpoB,S450L
ERR2516671,rpoB,S450L
ERR2516672,rpoB,S450L
ERR2516673,rpoB,S450L
ERR2516674,rpoB,S450L
ERR2516678,rpoB,S450L
ERR2516678,rpoB,V695L
ERR2516679,rpoB,S450L
ERR2516680,rpoB,S450L
ERR2516682,rpoB,S450L
ERR2516684,rpoB,S450L
ERR2516685,rpoB,S450L
ERR2516686,rpoB,S450L
ERR2516687,rpoB,S450L
ERR2516689,rpoB,S450L
ERR2516690,rpoB,D435V
ERR2516692,rpoB,H445D
ERR2516693,rpoB,S450L
ERR2516694,rpoB,S450L
ERR2516695,rpoB,S450W
ERR2516696,rpoB,D435A
ERR2516696,rpoB,L452P
ERR2516697,rpoB,S450L
ERR2516698,rpoB,S450L
ERR2516699,rpoB,H445C
ERR2516700,rpoB,D435Y
ERR2516702,rpoB,L452P
ERR2516703,rpoB,S450L
ERR2516704,rpoB,S450L
ERR2516705,rpoB,D435V
ERR2516706,rpoB,D435V
ERR2516706,rpoB,V695L
ERR2516708,rpoB,L452P
ERR2516709,rpoB,S450L
ERR2516710,rpoB,D435V
ERR2516711,rpoB,H445D
ERR2516712,rpoB,S450L
ERR2516713,rpoB,S450L
ERR2516714,rpoB,D435V
ERR2516715,rpoB,S450L
ERR2516716,rpoB,S450L
ERR2516717,rpoB,D435V
ERR2516718,rpoB,S450L
ERR2516719,rpoB,S450L
ERR2516720,rpoB,S450L
ERR2516721,rpoB,S450L
ERR2516722,rpoB,S450L
ERR2516723,rpoB,S450L
ERR2516724,rpoB,S450L
ERR2516725,rpoB,D435Y
ERR2516726,rpoB,S450L
ERR2516727,rpoB,S450L
ERR2516728,rpoB,S450L
ERR2516729,rpoB,S450L
ERR2516730,rpoB,H445Y
ERR2516731,rpoB,H445L
ERR2516732,rpoB,S450L
ERR2516733,rpoB,L452P
ERR2516734,rpoB,S450L
ERR2516735,rpoB,H445C
ERR2516738,rpoB,H445R
ERR2516740,rpoB,S450L
ERR2516742,rpoB,S450L
ERR2516743,rpoB,S450L
ERR2516744,rpoB,D435Y
ERR2516745,rpoB,S450L
ERR2516746,rpoB,S450L
ERR2516747,rpoB,S450L
ERR2516748,rpoB,S450F
ERR2516749,rpoB,D435V
ERR2516750,rpoB,S450L
ERR2516751,rpoB,S450L
ERR2516752,rpoB,S450L
SRR6397665,rpoB,H445Y
SRR6397671,rpoB,H445L
SRR6397697,rpoB,S450L
SRR6397708,rpoB,S450L
SRR6153221,rpoB,P30S
ERR2515244,rpoB,V113I
ERR2515245,rpoB,S450L
ERR2515246,rpoB,S450L
ERR2515247,rpoB,D435V
ERR2515248,rpoB,S450L
ERR2515249,rpoB,S450L
ERR2515250,rpoB,S450L
ERR2515252,rpoB,S450L
ERR2515255,rpoB,H445Y
ERR2515262,rpoB,S450L
ERR2515263,rpoB,S450L
ERR2515264,rpoB,H445Y
ERR2515265,rpoB,S450L
ERR2515266,rpoB,S450L
ERR2515277,rpoB,S450L
ERR2515283,rpoB,L452P
ERR2515284,rpoB,S450L
ERR2515286,rpoB,S450L
ERR2515293,rpoB,S450L
ERR2515294,rpoB,I491F
ERR2515301,rpoB,S450L
ERR2515304,rpoB,S450L
ERR2515310,rpoB,D435V
ERR2515319,rpoB,D435G
ERR2515319,rpoB,L452P
ERR2515322,rpoB,S450L
ERR2515323,rpoB,V170F
ERR2515325,rpoB,S450L
ERR2515329,rpoB,S441L
ERR2515331,rpoB,D435V
ERR2515333,rpoB,L430P
ERR2515333,rpoB,H445D
ERR2515335,rpoB,S450L
ERR2515337,rpoB,H445L
ERR2515342,rpoB,S450L
ERR2516853,rpoB,S450L
ERR2516854,rpoB,S450L
ERR2516856,rpoB,S450L
ERR2516857,rpoB,S450L
ERR2516858,rpoB,S450F
ERR2516859,rpoB,S450L
ERR2516861,rpoB,S450L
ERR2516862,rpoB,S450L
ERR2516863,rpoB,S450F
ERR2516864,rpoB,H445Y
ERR2516865,rpoB,S450L
ERR2516866,rpoB,S450L
ERR2516867,rpoB,D435Y
ERR2516867,rpoB,S450L
ERR2516868,rpoB,S450L
ERR2516870,rpoB,H445D
ERR2516871,rpoB,S450L
ERR2516872,rpoB,S450L
ERR2516874,rpoB,L430P
ERR2516874,rpoB,M434I
ERR2516875,rpoB,S450L
ERR2516876,rpoB,S450L
ERR2516877,rpoB,S450L
ERR2516878,rpoB,L430P
ERR2516878,rpoB,M434I
ERR2516879,rpoB,D435Y
ERR2516880,rpoB,S450L
ERR2516881,rpoB,S450L
ERR2516882,rpoB,S450L
ERR2516883,rpoB,S450L
ERR2516884,rpoB,S450L
ERR2516885,rpoB,S450L
ERR2516886,rpoB,S450L
ERR2516887,rpoB,S450L
ERR2516888,rpoB,S450L
ERR2516890,rpoB,S450L
ERR2516891,rpoB,S450L
ERR2516893,rpoB,S450L
ERR2516894,rpoB,D435V
ERR2516895,rpoB,D435V
ERR2516896,rpoB,H445Y
ERR2516897,rpoB,S450F
ERR2516898,rpoB,S450L
ERR2516899,rpoB,S450L
ERR2516900,rpoB,S450L
ERR2516901,rpoB,S450L
ERR2516902,rpoB,S450L
ERR2516903,rpoB,S450L
ERR2516904,rpoB,H445Y
ERR2516905,rpoB,S450L
ERR2516906,rpoB,S450L
ERR2516907,rpoB,S450L
ERR2516908,rpoB,S450L
ERR2516909,rpoB,S450L
ERR2516910,rpoB,S450L
ERR2516911,rpoB,S450L
ERR2516912,rpoB,S450L
ERR2516913,rpoB,S450L
ERR2516914,rpoB,H445C
ERR2516915,rpoB,H445Y
ERR2516916,rpoB,S450L
ERR2516917,rpoB,L430P
ERR2516918,rpoB,S450W
ERR2516920,rpoB,D435A
ERR2516920,rpoB,L452P
ERR2516921,rpoB,S450L
ERR2516922,rpoB,S450L
ERR2516923,rpoB,S450L
ERR2516924,rpoB,S450L
ERR2516925,rpoB,H445L
ERR2516926,rpoB,S450L
ERR2516927,rpoB,S450L
ERR2516928,rpoB,P358L
ERR2516928,rpoB,S450L
ERR2516929,rpoB,S450L
ERR2516931,rpoB,D435V
ERR2516932,rpoB,S450L
ERR2516933,rpoB,S450L
ERR2516934,rpoB,S450L
ERR2516935,rpoB,L430P
ERR2516936,rpoB,S450L
ERR2516937,rpoB,H445L
ERR2516938,rpoB,S450L
ERR2516939,rpoB,H445C
ERR2516940,rpoB,S450L
ERR2516941,rpoB,S450L
ERR2516942,rpoB,S450L
ERR2516943,rpoB,S450L
ERR2516944,rpoB,S450L
ERR2516945,rpoB,S450L
ERR2516946,rpoB,S450L
ERR2516947,rpoB,S450L
ERR2516948,rpoB,H445Y
ERR2516949,rpoB,S450L
ERR2516950,rpoB,S450L
ERR2516951,rpoB,S450L
ERR2513942,rpoB,P358L
ERR2513944,rpoB,I491F
ERR2513950,rpoB,S450L
ERR2513954,rpoB,S450L
ERR2513957,rpoB,I491F
ERR2513982,rpoB,H343Q
ERR2513987,rpoB,H445C
ERR2513994,rpoB,S450L
ERR2514005,rpoB,S450W
ERR2514008,rpoB,I491F
ERR2514017,rpoB,M390T
SRR6397620,rpoB,K944E
SRR6397630,rpoB,H445Y
SRR6397649,rpoB,D435V
ERR2513460,rpoB,H445L
ERR2513463,rpoB,H445Y
ERR2513488,rpoB,D435Y
ERR2513498,rpoB,D435Y
ERR2513540,rpoB,H343Q
ERR552495,rpoB,S450L
ERR552496,rpoB,I491F
ERR552518,rpoB,S450L
ERR552540,rpoB,I491F
ERR552572,rpoB,I491F
ERR552573,rpoB,I491F
ERR552599,rpoB,D435F
ERR552612,rpoB,I491F
ERR552637,rpoB,I491F
ERR552667,rpoB,S450L
ERR552672,rpoB,I491F
ERR552701,rpoB,S450L
ERR552710,rpoB,H445D
ERR552720,rpoB,S450L
ERR552745,rpoB,I491F
ERR552751,rpoB,S450L
ERR552754,rpoB,I491F
ERR552763,rpoB,D435F
ERR552764,rpoB,I491F
ERR552765,rpoB,I491F
ERR552780,rpoB,S450L
ERR552789,rpoB,S450L
ERR552809,rpoB,S450L
ERR552821,rpoB,I491F
ERR552822,rpoB,I491F
ERR552823,rpoB,I491F
ERR552870,rpoB,I491F
ERR552876,rpoB,I491F
ERR552878,rpoB,I491F
ERR552916,rpoB,S450L
ERR552917,rpoB,S450L
ERR552981,rpoB,H445Y
ERR552986,rpoB,I491F
ERR552987,rpoB,I491F
ERR552990,rpoB,D435V
ERR552991,rpoB,D435V
ERR552992,rpoB,D435V
ERR552993,rpoB,S450L
ERR552994,rpoB,S450L
ERR553001,rpoB,H445D
ERR553002,rpoB,H445D
ERR553020,rpoB,H445L
ERR553021,rpoB,H445L
ERR553028,rpoB,S450L
ERR553053,rpoB,H445Y
ERR553058,rpoB,S450L
ERR553059,rpoB,H445L
ERR553105,rpoB,S450L
ERR553116,rpoB,S450L
ERR553124,rpoB,S450L
ERR553125,rpoB,S450L
ERR553134,rpoB,S450L
ERR553185,rpoB,S450L
ERR553186,rpoB,S450L
ERR553204,rpoB,S450L
ERR553216,rpoB,H445Y
ERR553221,rpoB,I491F
ERR553230,rpoB,I491F
ERR553241,rpoB,S450L
ERR553242,rpoB,I491F
ERR553264,rpoB,S450L
ERR553282,rpoB,D435F
ERR553313,rpoB,S450L
ERR553321,rpoB,S450L
ERR553328,rpoB,S450L
ERR553342,rpoB,S450L
ERR553343,rpoB,S450L
ERR553350,rpoB,S450W
ERR553354,rpoB,S450L
ERR2200058,rpoB,I491F
ERR2200060,rpoB,S450L
ERR2200061,rpoB,S450L
ERR2200064,rpoB,S450L
ERR2200066,rpoB,S450L
ERR2200070,rpoB,S450L
ERR2200075,rpoB,S450L
ERR2200086,rpoB,D545E
ERR2200092,rpoB,D435V
ERR2200093,rpoB,S450W
ERR2200094,rpoB,I491F
ERR2200095,rpoB,S450L
ERR2200137,rpoB,S450L
ERR2200138,rpoB,S450L
ERR2200148,rpoB,S450L
ERR227975,rpoB,S450L
ERR227976,rpoB,S450L
ERR227977,rpoB,S450L
ERR227981,rpoB,S450L
SRR6045537,rpoB,S450L
SRR6045736,rpoB,S450L
SRR6045824,rpoB,V170F
SRR6046512,rpoB,S450L
ERR2517467,rpoB,S388L
ERR2517475,rpoB,E639G
ERR2517484,rpoB,S450L
ERR2517489,rpoB,L443F
ERR2517493,rpoB,E132D
ERR2517497,rpoB,D435Y
ERR2517500,rpoB,S388L
ERR2517501,rpoB,K944E
ERR2517506,rpoB,K944E
ERR2517539,rpoB,K944E
ERR2517547,rpoB,S450L
ERR2517548,rpoB,S450L
ERR2515851,rpoB,S450L
ERR2515857,rpoB,V170F
ERR2515859,rpoB,H445D
ERR2515860,rpoB,S450L
ERR2515864,rpoB,S450L
ERR2515867,rpoB,D435V
ERR2515868,rpoB,S450L
ERR2515872,rpoB,D435Y
ERR2515874,rpoB,Q432P
ERR2515881,rpoB,V170F
ERR2515895,rpoB,V113I
ERR2515898,rpoB,D435V
ERR2515903,rpoB,H445Y
ERR2515907,rpoB,S450L
ERR2515910,rpoB,S450L
ERR2515911,rpoB,S450L
ERR2515915,rpoB,H445Y
ERR2515917,rpoB,S450L
ERR2515920,rpoB,S450L
ERR2515924,rpoB,D435V
ERR2515926,rpoB,S450L
ERR2515931,rpoB,L430P
ERR2515931,rpoB,D435Y
ERR2515933,rpoB,D435V
ERR2515934,rpoB,S450L
ERR2515936,rpoB,S450L
ERR2515937,rpoB,S450L
ERR2515938,rpoB,S450L
ERR2515948,rpoB,S450L
ERR2515949,rpoB,S450L
ERR2512760,rpoB,L430P
ERR2512780,rpoB,T350I
ERR2512780,rpoB,S388L
ERR2512821,rpoB,V359A
ERR2512821,rpoB,D435Y
ERR2512824,rpoB,V113I
ERR2515554,rpoB,S450L
ERR2515559,rpoB,D435V
ERR2515560,rpoB,S450L
ERR2515565,rpoB,S450L
ERR2515567,rpoB,S450L
ERR2515568,rpoB,S450L
ERR2515571,rpoB,H445D
ERR2515571,rpoB,S450L
ERR2515573,rpoB,S450L
ERR2515576,rpoB,S450L
ERR2515577,rpoB,D435V
ERR2515583,rpoB,H445Y
ERR2515584,rpoB,D435V
ERR2515585,rpoB,S450L
ERR2515588,rpoB,H445Y
ERR2515589,rpoB,S450L
ERR2515590,rpoB,Q432K
ERR2515591,rpoB,S450L
ERR2515594,rpoB,S450L
ERR2515597,rpoB,S450L
ERR2515603,rpoB,H445D
ERR2515606,rpoB,S450L
ERR2515609,rpoB,D435V
ERR2515611,rpoB,S450L
ERR2515612,rpoB,D435V
ERR2515614,rpoB,S450L
ERR2515615,rpoB,D435Y
ERR2515622,rpoB,D435G
ERR2515622,rpoB,L452P
ERR2515623,rpoB,H445Y
ERR2515628,rpoB,H445Y
ERR2515631,rpoB,L430P
ERR2515633,rpoB,S450L
ERR2515634,rpoB,S450L
ERR2515636,rpoB,S450L
ERR2515637,rpoB,H445L
ERR2515640,rpoB,S450L
ERR2515643,rpoB,H445C
ERR2515647,rpoB,D435V
ERR2515648,rpoB,S450L
ERR2041720,rpoB,S450L
ERR2041721,rpoB,Q432K
ERR2041722,rpoB,S450L
ERR2041723,rpoB,S450L
ERR2041724,rpoB,D435V
ERR2041727,rpoB,H445R
ERR2041728,rpoB,S450L
ERR2041729,rpoB,H445D
ERR2041730,rpoB,H445Y
ERR2041731,rpoB,S450W
ERR2041732,rpoB,S450L
ERR2041733,rpoB,L452P
ERR2041734,rpoB,S450L
ERR2041735,rpoB,S450L
ERR2041736,rpoB,S450W
ERR2041737,rpoB,S450L
ERR2041738,rpoB,S450L
ERR2041739,rpoB,S450W
ERR2041740,rpoB,S450L
ERR2041741,rpoB,S450L
ERR2041742,rpoB,S450L
ERR2041743,rpoB,S450L
ERR2041744,rpoB,S450L
ERR2041745,rpoB,D435V
ERR2041746,rpoB,H445Y
ERR2041747,rpoB,S450L
ERR2041748,rpoB,S450W
ERR2041749,rpoB,S450W
ERR2041750,rpoB,H445D
ERR2041751,rpoB,S450L
ERR2041752,rpoB,S450L
ERR2041754,rpoB,S450W
ERR2041755,rpoB,S450W
ERR2041756,rpoB,S450L
ERR2041757,rpoB,H445D
ERR2041759,rpoB,S450W
ERR2041760,rpoB,S450L
ERR2041761,rpoB,H445R
ERR2041762,rpoB,S450W
ERR2041763,rpoB,S450L
ERR2041764,rpoB,S450W
ERR2041765,rpoB,S450L
ERR2041766,rpoB,S450W
ERR2041767,rpoB,S450W
ERR2041768,rpoB,D435V
ERR2041769,rpoB,S450L
ERR2041770,rpoB,S450L
ERR2041771,rpoB,S450L
ERR2041772,rpoB,S450L
ERR2041773,rpoB,H445D
ERR2041774,rpoB,D435V
ERR2041775,rpoB,D435V
ERR2041776,rpoB,S450L
ERR2041777,rpoB,S450L
ERR2041780,rpoB,S450W
ERR2041781,rpoB,S450L
ERR2041782,rpoB,S450L
ERR2041783,rpoB,S450L
ERR2041784,rpoB,D435V
ERR2041785,rpoB,S450L
ERR2041786,rpoB,S450W
ERR2041787,rpoB,S450L
ERR2041788,rpoB,S450L
ERR2041789,rpoB,S450W
ERR2041790,rpoB,S450L
ERR2041791,rpoB,S450L
ERR2041792,rpoB,S450L
ERR2041793,rpoB,S450L
ERR2041794,rpoB,S450L
ERR2041795,rpoB,S450L
ERR2041796,rpoB,S450L
ERR2041797,rpoB,S450L
ERR2041798,rpoB,S450L
ERR2041799,rpoB,S450L
ERR2041800,rpoB,S450L
ERR2041801,rpoB,S450L
ERR2041802,rpoB,S450L
ERR2041803,rpoB,S450L
ERR2041804,rpoB,H445D
ERR2041805,rpoB,S450L
ERR2199747,rpoB,I491F
ERR2199748,rpoB,I491F
ERR2199750,rpoB,S450L
ERR2199751,rpoB,S450L
ERR2199757,rpoB,I491F
ERR2513850,rpoB,V170F
ERR2513852,rpoB,S450L
ERR2513859,rpoB,I491F
ERR2513860,rpoB,K944E
ERR2513872,rpoB,S450L
ERR2513880,rpoB,S450L
ERR229946,rpoB,S450L
ERR229947,rpoB,D435Y
ERR229949,rpoB,S450L
ERR229953,rpoB,S450L
ERR229955,rpoB,S450L
ERR229960,rpoB,S450L
ERR229961,rpoB,D435Y
ERR229962,rpoB,S450L
ERR229964,rpoB,D435G
ERR229965,rpoB,S450L
ERR229966,rpoB,S450L
ERR229968,rpoB,S450L
ERR229969,rpoB,S450L
ERR229971,rpoB,S450L
ERR229976,rpoB,S450L
ERR229978,rpoB,S450L
ERR229982,rpoB,S450L
ERR229984,rpoB,S450L
ERR229988,rpoB,S450L
ERR229990,rpoB,S450L
ERR229993,rpoB,S450L
ERR229994,rpoB,S450L
ERR229995,rpoB,S450L
ERR229997,rpoB,D435Y
ERR229998,rpoB,S450L
ERR230003,rpoB,H445L
ERR230005,rpoB,S450L
ERR230006,rpoB,H445D
ERR230008,rpoB,S450L
ERR234556,rpoB,H445N
ERR234556,rpoB,L452P
ERR234560,rpoB,S450L
ERR234562,rpoB,V170F
ERR234562,rpoB,S450L
ERR234563,rpoB,S450L
ERR234564,rpoB,H445N
ERR234564,rpoB,L452P
ERR234565,rpoB,S450L
ERR234570,rpoB,S450L
ERR234573,rpoB,S450L
ERR234574,rpoB,S450L
ERR234576,rpoB,S450L
ERR234584,rpoB,S450L
ERR234589,rpoB,S450L
ERR234590,rpoB,S450L
ERR234593,rpoB,S450L
ERR234594,rpoB,H445Y
ERR234596,rpoB,S450L
ERR234597,rpoB,S450L
ERR234598,rpoB,S450L
ERR234600,rpoB,S450L
ERR234602,rpoB,S450L
ERR234607,rpoB,S450L
ERR234608,rpoB,S450L
ERR234609,rpoB,S450L
ERR234610,rpoB,S450L
ERR234618,rpoB,S450L
ERR2512972,rpoB,V359A
ERR2512975,rpoB,S450L
ERR2512979,rpoB,S450L
ERR2512998,rpoB,H343Q
ERR2513027,rpoB,D435F
ERR2516251,rpoB,D435V
ERR2516252,rpoB,S450L
ERR2516254,rpoB,S450L
ERR2516255,rpoB,D435Y
ERR2516256,rpoB,S450L
ERR2516257,rpoB,S450L
ERR2516261,rpoB,D435V
ERR2516263,rpoB,S450L
ERR2516264,rpoB,S450L
ERR2516266,rpoB,S450L
ERR2516270,rpoB,S450F
ERR2516271,rpoB,H445D
ERR2516274,rpoB,D435V
ERR2516280,rpoB,S450L
ERR2516281,rpoB,D435V
ERR2516282,rpoB,D435V
ERR2516285,rpoB,S450L
ERR2516286,rpoB,H445L
ERR2516287,rpoB,H445N
ERR2516288,rpoB,S450L
ERR2516289,rpoB,S450L
ERR2516291,rpoB,S450L
ERR2516295,rpoB,S450L
ERR2516297,rpoB,S450L
ERR2516301,rpoB,S450L
ERR2516302,rpoB,S450L
ERR2516303,rpoB,S450L
ERR2516308,rpoB,S450L
ERR2516313,rpoB,S450L
ERR2516316,rpoB,S388L
ERR2516316,rpoB,S450L
ERR2516320,rpoB,S450L
ERR2516325,rpoB,S450L
ERR2516327,rpoB,S450L
ERR2516329,rpoB,S450L
ERR2516329,rpoB,D634G
ERR2516330,rpoB,L452P
ERR2516333,rpoB,S450L
ERR2516336,rpoB,S450L
ERR2516338,rpoB,S388L
ERR2516338,rpoB,H445N
ERR2516338,rpoB,S450L
ERR2516340,rpoB,D435V
ERR2516343,rpoB,S450L
ERR2516344,rpoB,D435Y
ERR2516345,rpoB,S450L
ERR2516347,rpoB,S450L
ERR2516349,rpoB,S450L
ERR2513649,rpoB,P358L
ERR2513656,rpoB,S450L
ERR2513680,rpoB,K944E
ERR2516451,rpoB,S450L
ERR2516453,rpoB,S450L
ERR2516454,rpoB,S450L
ERR2516455,rpoB,S450L
ERR2516457,rpoB,S450L
ERR2516458,rpoB,S450L
ERR2516458,rpoB,V695L
ERR2516459,rpoB,S441L
ERR2516460,rpoB,D435V
ERR2516461,rpoB,S450L
ERR2516462,rpoB,S450L
ERR2516463,rpoB,S450L
ERR2516465,rpoB,H445Y
ERR2516466,rpoB,S450L
ERR2516467,rpoB,S450L
ERR2516468,rpoB,H445Y
ERR2516471,rpoB,S450L
ERR2516472,rpoB,D435Y
ERR2516472,rpoB,V695L
ERR2516473,rpoB,S450L
ERR2516474,rpoB,D435Y
ERR2516475,rpoB,H445Y
ERR2516476,rpoB,D435V
ERR2516477,rpoB,H445D
ERR2516478,rpoB,S450L
ERR2516479,rpoB,H445Y
ERR2516480,rpoB,S450L
ERR2516482,rpoB,D435V
ERR2516483,rpoB,V695L
ERR2516484,rpoB,S450L
ERR2516485,rpoB,Q432P
ERR2516485,rpoB,S450L
ERR2516486,rpoB,S450L
ERR2516488,rpoB,D435Y
ERR2516489,rpoB,H445R
ERR2516490,rpoB,S450L
ERR2516491,rpoB,H445L
ERR2516492,rpoB,S450Q
ERR2516493,rpoB,H445R
ERR2516494,rpoB,S450L
ERR2516495,rpoB,D435V
ERR2516496,rpoB,S450L
ERR2516497,rpoB,H445L
ERR2516498,rpoB,H445R
ERR2516499,rpoB,S450L
ERR2516500,rpoB,S450L
ERR2516501,rpoB,S450L
ERR2516502,rpoB,S450W
ERR2516503,rpoB,S450L
ERR2516503,rpoB,V695L
ERR2516504,rpoB,D435V
ERR2516505,rpoB,S450W
ERR2516506,rpoB,S450L
ERR2516508,rpoB,H445C
ERR2516509,rpoB,S450L
ERR2516509,rpoB,V695L
ERR2516510,rpoB,D435V
ERR2516511,rpoB,S450L
ERR2516513,rpoB,H445Y
ERR2516514,rpoB,H445L
ERR2516516,rpoB,S450L
ERR2516517,rpoB,V170F
ERR2516519,rpoB,S450L
ERR2516521,rpoB,S450L
ERR2516521,rpoB,V695L
ERR2516522,rpoB,S450L
ERR2516523,rpoB,H445Y
ERR2516524,rpoB,S450L
ERR2516525,rpoB,S450L
ERR2516526,rpoB,H445Y
ERR2516527,rpoB,S450L
ERR2516528,rpoB,D435V
ERR2516531,rpoB,S450L
ERR2516533,rpoB,D435V
ERR2516534,rpoB,D435V
ERR2516534,rpoB,V695L
ERR2516535,rpoB,H445G
ERR2516536,rpoB,S450L
ERR2516537,rpoB,S450L
ERR2516538,rpoB,D435Y
ERR2516539,rpoB,S450L
ERR2516540,rpoB,S450L
ERR2516541,rpoB,D435Y
ERR2516541,rpoB,V695L
ERR2516542,rpoB,H445L
ERR2516543,rpoB,S450L
ERR2516544,rpoB,D435V
ERR2516545,rpoB,S450L
ERR2516546,rpoB,D435Y
ERR2516547,rpoB,S450L
ERR2516548,rpoB,D435Y
ERR2516548,rpoB,V695L
ERR2516549,rpoB,S450L
ERR2513160,rpoB,I491F
ERR2513165,rpoB,H445Y
ERR2513221,rpoB,S450L
ERR2513229,rpoB,D270E
ERR2513229,rpoB,S450L
ERR2513240,rpoB,S450L
ERR2513241,rpoB,S450L
SRR6152800,rpoB,L430P
ERR2513046,rpoB,H445R
ERR2513104,rpoB,V170F
ERR2513126,rpoB,H445D
ERR2513129,rpoB,H445N
ERR2513137,rpoB,K944E
ERR2514349,rpoB,S388L
ERR2514392,rpoB,H343Q
ERR2514395,rpoB,S450L
ERR2514403,rpoB,S388L
ERR2514412,rpoB,H445Y
ERR2514422,rpoB,S450L
ERR2514424,rpoB,I491F
ERR498238,rpoB,V113I
ERR550619,rpoB,S450L
ERR550636,rpoB,S450L
ERR550718,rpoB,H445Y
ERR550734,rpoB,S450L
ERR550741,rpoB,I491F
ERR550754,rpoB,S450L
ERR550813,rpoB,S450L
ERR550861,rpoB,I491F
ERR550863,rpoB,S450L
ERR550864,rpoB,S450L
ERR550869,rpoB,H445Y
ERR550959,rpoB,S450L
ERR550976,rpoB,S450L
ERR551014,rpoB,I491F
ERR551045,rpoB,S450L
ERR551166,rpoB,H445D
ERR551194,rpoB,I491F
ERR551195,rpoB,I491F
ERR551231,rpoB,S450L
ERR551240,rpoB,S450L
ERR551241,rpoB,S450L
ERR551242,rpoB,D435F
ERR551246,rpoB,S450L
ERR551280,rpoB,I491F
ERR551289,rpoB,S450L
ERR551298,rpoB,H445Y
ERR551299,rpoB,H445Y
ERR551319,rpoB,S450L
ERR551329,rpoB,S450L
ERR551391,rpoB,V113I
ERR551393,rpoB,S450L
ERR551456,rpoB,H445D
ERR2512666,rpoB,H343Q
ERR2512671,rpoB,K944E
ERR2512682,rpoB,T350I
ERR2512682,rpoB,S388L
ERR2512691,rpoB,S450L
ERR2512700,rpoB,S450F
ERR2512707,rpoB,H445N
ERR2512718,rpoB,V170F
ERR2512730,rpoB,S450L
ERR067576,rpoB,S450L
ERR067577,rpoB,S450L
ERR067578,rpoB,S450L
ERR067581,rpoB,S450L
ERR067583,rpoB,S450L
ERR067584,rpoB,S450L
ERR067587,rpoB,S450L
ERR067588,rpoB,S450L
ERR067589,rpoB,L430P
ERR067590,rpoB,S450L
ERR067592,rpoB,S450L
ERR067599,rpoB,H445L
SRR6152772,rpoB,H445N
ERR2514550,rpoB,H445R
ERR2514559,rpoB,D435Y
ERR2514575,rpoB,H445N
ERR2514591,rpoB,H445C
ERR2514633,rpoB,S450L
ERR2514046,rpoB,K944E
ERR2514075,rpoB,S450L
ERR2514080,rpoB,K944E
ERR2514106,rpoB,S450L
ERR2514123,rpoB,S450L
ERR2514137,rpoB,V170F
ERR2515042,rpoB,S450L
ERR2515107,rpoB,S450L
ERR2515109,rpoB,S450L
ERR2515111,rpoB,L430P
ERR2515112,rpoB,S450L
ERR2515115,rpoB,L430P
ERR2515121,rpoB,S450L
ERR2515123,rpoB,S450L
ERR2515126,rpoB,S450L
ERR2515130,rpoB,D435V
ERR2515131,rpoB,S450L
ERR2515133,rpoB,S450L
ERR2515135,rpoB,H445Y
ERR2515143,rpoB,V170F
ERR2512456,rpoB,H445Y
ERR2512465,rpoB,A998V
ERR2512467,rpoB,S450L
ERR2512493,rpoB,D435Y
ERR2515650,rpoB,S450L
ERR2515658,rpoB,D435V
ERR2515660,rpoB,S450L
ERR2515661,rpoB,S450W
ERR2515663,rpoB,S450L
ERR2515664,rpoB,S450L
ERR2515666,rpoB,H445D
ERR2515667,rpoB,H445Y
ERR2515670,rpoB,S450L
ERR2515674,rpoB,S450L
ERR2515676,rpoB,V113I
ERR2515677,rpoB,H445Y
ERR2515682,rpoB,D435G
ERR2515682,rpoB,L452P
ERR2515683,rpoB,D435Y
ERR2515684,rpoB,S450L
ERR2515686,rpoB,H445Y
ERR2515691,rpoB,S450L
ERR2515705,rpoB,S450L
ERR2515708,rpoB,S450L
ERR2515710,rpoB,H445N
ERR2515711,rpoB,S450L
ERR2515713,rpoB,S450L
ERR2515719,rpoB,S450L
ERR2515723,rpoB,L430P
ERR2515724,rpoB,S450L
ERR2515725,rpoB,S450L
ERR2515727,rpoB,S450L
ERR2515728,rpoB,V113I
ERR2515732,rpoB,S450L
ERR2515734,rpoB,L430P
ERR2515735,rpoB,D435V
ERR2515738,rpoB,H445D
ERR2515739,rpoB,H445Y
ERR2515740,rpoB,D435V
ERR2515743,rpoB,S450L
ERR2515745,rpoB,V170F
ERR2515747,rpoB,S450L
ERR2515748,rpoB,H445D
ERR2515749,rpoB,S450L
ERR2514757,rpoB,S450L
ERR2514760,rpoB,H445D
ERR2514942,rpoB,L430P
ERR2514947,rpoB,I491F
ERR2514950,rpoB,V359A
ERR2514982,rpoB,I491F
ERR2514983,rpoB,L430P
ERR2514983,rpoB,M434I
ERR2515032,rpoB,K944E
ERR2515040,rpoB,H445Y
ERR2514267,rpoB,S450L
ERR2514274,rpoB,E639G
ERR2517186,rpoB,K944E
ERR2517188,rpoB,S450L
ERR2517193,rpoB,S450L
ERR2517215,rpoB,K944E
SRR6045039,rpoB,D435F
SRR6045173,rpoB,L452P
SRR6045523,rpoB,S450L
SRR6045763,rpoB,S450L
ERR2515950,rpoB,S450L
ERR2515952,rpoB,H445D
ERR2515956,rpoB,S450L
ERR2515962,rpoB,S450L
ERR2515965,rpoB,D435V
ERR2515969,rpoB,H445D
ERR2515971,rpoB,S450L
ERR2515978,rpoB,D435V
ERR2515982,rpoB,H445Y
ERR2515988,rpoB,S450L
ERR2515990,rpoB,S450L
ERR2515995,rpoB,S450L
ERR2515996,rpoB,D435V
ERR2515997,rpoB,S450L
ERR2516001,rpoB,S450L
ERR2516003,rpoB,H445D
ERR2516004,rpoB,D435V
ERR2516005,rpoB,S450L
ERR2516006,rpoB,H445Y
ERR2516006,rpoB,L452P
ERR2516007,rpoB,S450L
ERR2516008,rpoB,D435V
ERR2516010,rpoB,S450L
ERR2516012,rpoB,D435V
ERR2516014,rpoB,S450L
ERR2516017,rpoB,H445Y
ERR2516018,rpoB,S450L
ERR2516019,rpoB,S450L
ERR2516020,rpoB,H445D
ERR2516023,rpoB,H445Y
ERR2516024,rpoB,S450L
ERR2516025,rpoB,S450L
ERR2516029,rpoB,S450L
ERR2516031,rpoB,S450L
ERR2516043,rpoB,D435V
ERR2516045,rpoB,H445Y
ERR2516047,rpoB,S450L
ERR2516049,rpoB,S450L
ERR067733,rpoB,S450L
ERR067742,rpoB,S450L
ERR067744,rpoB,S450L
ERR067745,rpoB,L430P
ERR067748,rpoB,S450L
ERR067750,rpoB,S450L
ERR067754,rpoB,S450L
ERR067758,rpoB,S450L
ERR067761,rpoB,S450L
ERR067762,rpoB,S450L
ERR067765,rpoB,S450L
ERR108420,rpoB,S450L
ERR108421,rpoB,S450L
ERR108422,rpoB,D435Y
ERR108425,rpoB,S450L
ERR108426,rpoB,S450L
ERR108428,rpoB,S450L
ERR108435,rpoB,S450L
ERR108436,rpoB,S450L
ERR108439,rpoB,S450L
ERR108443,rpoB,S450L
ERR108450,rpoB,S450L
ERR108452,rpoB,H445Y
ERR108452,rpoB,L452P
ERR108453,rpoB,S450L
ERR108455,rpoB,S450L
ERR108458,rpoB,S450L
ERR108462,rpoB,S450L
ERR108467,rpoB,S450L
ERR108469,rpoB,S450L
ERR108473,rpoB,S450L
ERR108474,rpoB,S450L
ERR108475,rpoB,S450L
ERR108480,rpoB,S450L
ERR108482,rpoB,S450L
ERR108485,rpoB,S450L
ERR108488,rpoB,S450L
ERR108489,rpoB,S450L
ERR108493,rpoB,S450L
ERR108494,rpoB,D435V
ERR108494,rpoB,S450L
ERR108495,rpoB,S450L
ERR108498,rpoB,S450L
ERR108499,rpoB,S450L
ERR108500,rpoB,H445N
ERR108500,rpoB,L452P
ERR108502,rpoB,S450L
ERR108503,rpoB,S450L
ERR2514646,rpoB,V170F
ERR2514666,rpoB,I491F
ERR2514692,rpoB,D545E
ERR2514692,rpoB,E639G
ERR2514729,rpoB,L430P
ERR2514729,rpoB,M434I
ERR2510764,rpoB,S450L
ERR2510765,rpoB,S450L
ERR2510777,rpoB,S388L
ERR2510786,rpoB,S388L
ERR2510791,rpoB,S388L
ERR2510793,rpoB,D435V
ERR2510798,rpoB,S450L
ERR2510816,rpoB,T350I
ERR2510816,rpoB,S388L
ERR2510823,rpoB,D435V
ERR2510824,rpoB,D435V
ERR2510826,rpoB,S450L
ERR2510827,rpoB,S450L
ERR2510832,rpoB,S450L
ERR2510833,rpoB,S450L
ERR2510834,rpoB,S450L
ERR2510838,rpoB,S450L
ERR2510839,rpoB,S450L
ERR2510840,rpoB,S450L
ERR137218,rpoB,S450L
ERR137220,rpoB,S450L
ERR137222,rpoB,S450L
ERR137223,rpoB,S450L
ERR137225,rpoB,S450L
ERR137229,rpoB,S450L
ERR137230,rpoB,S450L
ERR137231,rpoB,S450L
ERR137234,rpoB,S450L
ERR137243,rpoB,S450L
ERR137246,rpoB,S450L
ERR137247,rpoB,S450L
ERR137248,rpoB,S450L
ERR137254,rpoB,S450L
ERR137255,rpoB,S450L
ERR137257,rpoB,S450L
ERR137260,rpoB,S450L
ERR137262,rpoB,S450L
ERR137264,rpoB,S450L
ERR137269,rpoB,S450L
ERR137271,rpoB,S450L
ERR137273,rpoB,S450L
ERR137274,rpoB,S450L
ERR137275,rpoB,S450L
ERR137277,rpoB,S450L
ERR137278,rpoB,L452P
ERR137281,rpoB,S450L
ERR137282,rpoB,S450L
ERR137283,rpoB,S450L
ERR137284,rpoB,D435V
ERR144543,rpoB,S450L
ERR144548,rpoB,S450L
ERR144549,rpoB,S450L
ERR144551,rpoB,S450L
ERR144556,rpoB,S450L
ERR144558,rpoB,L430P
ERR144560,rpoB,S450L
ERR144561,rpoB,S450L
ERR144562,rpoB,S450L
ERR144563,rpoB,S450L
ERR144566,rpoB,S450L
ERR144567,rpoB,S450L
ERR144570,rpoB,S450L
ERR144571,rpoB,S450L
ERR144573,rpoB,S450L
ERR144574,rpoB,S450L
ERR144575,rpoB,S450L
ERR144579,rpoB,S450L
ERR144581,rpoB,S450L
ERR144590,rpoB,S450L
ERR144593,rpoB,S450L
SRR6045141,rpoB,S450L
SRR6045984,rpoB,H445L
ERR2517259,rpoB,S450L
ERR2517260,rpoB,H445Y
ERR2517307,rpoB,S450L
ERR2517324,rpoB,K944E
ERR2517333,rpoB,S450L
ERR2517338,rpoB,K944E
ERR2517342,rpoB,S450L
ERR553357,rpoB,I491F
ERR553358,rpoB,S450L
ERR553366,rpoB,S450L
SRR3675217,rpoB,S450L
SRR3675218,rpoB,I491F
SRR3675262,rpoB,S450L
SRR3675285,rpoB,V170F
SRR3675289,rpoB,S450L
SRR3675523,rpoB,S450L
SRR5709751,rpoB,H445Y
SRR5709752,rpoB,H445G
SRR5709754,rpoB,S450L
SRR5709755,rpoB,D435Y
SRR5709756,rpoB,S450L
SRR5709757,rpoB,S450L
SRR5709758,rpoB,S450L
SRR5709759,rpoB,S450L
SRR5709760,rpoB,H445L
SRR5709761,rpoB,S450L
SRR5709780,rpoB,S450W
SRR5709792,rpoB,H445D
SRR5709793,rpoB,S450L
SRR5709794,rpoB,H445Y
SRR5709795,rpoB,D435V
SRR5709796,rpoB,H445Y
SRR5709797,rpoB,S450L
SRR5709798,rpoB,S450L
SRR5709799,rpoB,S450L
SRR5709801,rpoB,L452P
SRR5709802,rpoB,S441L
SRR5709815,rpoB,S450L
SRR5709912,rpoB,S450L
SRR5709913,rpoB,H445Y
SRR5709916,rpoB,H445Y
SRR5709917,rpoB,H445Y
SRR5709918,rpoB,S450L
SRR5709919,rpoB,H445Y
SRR5709949,rpoB,L452P
SRR5709993,rpoB,S450L
SRR5709996,rpoB,S450L
SRR5710013,rpoB,H445Y
SRR5710014,rpoB,S450L
SRR5710015,rpoB,S450W
SRR5710016,rpoB,H445R
SRR5710017,rpoB,H445G
SRR5710019,rpoB,S450L
SRR5710020,rpoB,S441L
SRR5710022,rpoB,S450L
SRR5710023,rpoB,L452P
ERR2510641,rpoB,S450L
ERR2510642,rpoB,S450L
ERR2510643,rpoB,S450L
ERR2510644,rpoB,D435V
ERR2510645,rpoB,Q432P
ERR2510646,rpoB,S450L
ERR2510647,rpoB,V170F
ERR2510648,rpoB,S450L
ERR2510649,rpoB,S450L
ERR2510650,rpoB,D435V
ERR2510651,rpoB,H445N
ERR2510653,rpoB,S450L
ERR2510654,rpoB,D435V
ERR2510655,rpoB,S450L
ERR2510656,rpoB,D435V
ERR2510657,rpoB,S450L
ERR2510658,rpoB,S450L
ERR2510659,rpoB,H445Y
ERR2510660,rpoB,S450L
ERR2510661,rpoB,Q432K
ERR2510662,rpoB,H445Y
ERR2510663,rpoB,S450L
ERR2510664,rpoB,S450L
ERR2510665,rpoB,S450L
ERR2510666,rpoB,S450L
ERR2510667,rpoB,S450L
ERR2510668,rpoB,S450L
ERR2510669,rpoB,S450F
ERR2510670,rpoB,S450L
ERR2510671,rpoB,S450L
ERR2510672,rpoB,S450L
ERR2510673,rpoB,S450L
ERR2510674,rpoB,S450L
ERR2510675,rpoB,S450L
ERR2510675,rpoB,V695L
ERR2510676,rpoB,S450L
ERR2510677,rpoB,L430P
ERR2510678,rpoB,S450L
ERR2510679,rpoB,S450F
ERR2510680,rpoB,S450L
ERR2510682,rpoB,S450L
ERR2510683,rpoB,S450L
ERR2510684,rpoB,S450L
ERR2510685,rpoB,S450L
ERR2510686,rpoB,S450L
ERR2510687,rpoB,S450L
ERR2510688,rpoB,S450L
ERR2510689,rpoB,S450L
ERR2510690,rpoB,S450L
ERR2510691,rpoB,S450L
ERR2510692,rpoB,S450L
ERR2510692,rpoB,V695L
ERR2510693,rpoB,S450L
ERR2510694,rpoB,S450L
ERR2510695,rpoB,D435V
ERR2510696,rpoB,S450L
ERR2510697,rpoB,H445D
ERR2510698,rpoB,S450L
ERR2510699,rpoB,H445Y
ERR2510700,rpoB,S450L
ERR2510701,rpoB,S450L
ERR2510702,rpoB,S450L
ERR2510703,rpoB,S450L
ERR2510704,rpoB,H445Y
ERR2510705,rpoB,S450L
ERR2510706,rpoB,S450L
ERR2510707,rpoB,S450L
ERR2510708,rpoB,S450L
ERR2510709,rpoB,S450L
ERR2510710,rpoB,S450L
ERR2510711,rpoB,S450L
ERR2510712,rpoB,S450L
ERR2510713,rpoB,S450L
ERR2510714,rpoB,L452P
ERR2510715,rpoB,S450L
ERR2510716,rpoB,S450L
ERR2510717,rpoB,S450L
ERR2510718,rpoB,S450L
ERR2510719,rpoB,S450L
ERR2510720,rpoB,S450L
ERR2510722,rpoB,H445Y
ERR2510723,rpoB,S450L
ERR2510724,rpoB,D435V
ERR2510725,rpoB,D435V
ERR2510726,rpoB,H445N
ERR2510727,rpoB,S450L
ERR2510728,rpoB,H445N
ERR2510729,rpoB,S450L
ERR2510730,rpoB,Q432P
ERR2510731,rpoB,S450L
ERR2510732,rpoB,S450W
ERR2510733,rpoB,S450L
ERR2510734,rpoB,D435V
ERR2510735,rpoB,S450L
ERR2514867,rpoB,S450W
ERR2514887,rpoB,S450L
ERR2514918,rpoB,S388L
ERR133889,rpoB,S450L
ERR133890,rpoB,S450L
ERR133892,rpoB,S450L
ERR133895,rpoB,S450L
ERR133896,rpoB,S450L
ERR133899,rpoB,S450L
ERR133901,rpoB,S450L
ERR133902,rpoB,S450L
ERR133903,rpoB,D435V
ERR133906,rpoB,S450L
ERR133907,rpoB,S450L
ERR133908,rpoB,S450L
ERR133915,rpoB,S450L
ERR133919,rpoB,S450L
ERR133922,rpoB,S450L
ERR133930,rpoB,S450L
ERR133935,rpoB,D435Y
ERR133937,rpoB,S450L
ERR133942,rpoB,S450L
ERR133944,rpoB,S450L
ERR133945,rpoB,L430P
ERR133951,rpoB,S450L
ERR133953,rpoB,S450L
ERR133954,rpoB,S450L
ERR133959,rpoB,S450L
ERR133966,rpoB,S450L
ERR133970,rpoB,L430P
ERR133973,rpoB,L430P
ERR133981,rpoB,S450Q
ERR133982,rpoB,S450L
ERR133984,rpoB,S450L
ERR137192,rpoB,S450L
ERR137204,rpoB,S450L
ERR137206,rpoB,H445N
ERR137206,rpoB,L452P
ERR137208,rpoB,S450L
ERR137209,rpoB,S450L
ERR137210,rpoB,S450L
ERR137214,rpoB,S1124A
ERR2515144,rpoB,S450L
ERR2515147,rpoB,H445Y
ERR2515152,rpoB,S450L
ERR2515153,rpoB,S450L
ERR2515155,rpoB,D435V
ERR2515156,rpoB,D435Y
ERR2515159,rpoB,S450L
ERR2515163,rpoB,S450L
ERR2515165,rpoB,S450L
ERR2515166,rpoB,S450L
ERR2515173,rpoB,S450L
ERR2515175,rpoB,D435G
ERR2515175,rpoB,L452P
ERR2515182,rpoB,D435V
ERR2515185,rpoB,L452P
ERR2515189,rpoB,S450L
ERR2515195,rpoB,S450L
ERR2515199,rpoB,H445Y
ERR2515202,rpoB,S450L
ERR2515209,rpoB,S450L
ERR2515210,rpoB,S450L
ERR2515213,rpoB,D435V
ERR2515218,rpoB,H445Y
ERR2515221,rpoB,S450L
ERR2515223,rpoB,H445D
ERR2515224,rpoB,H445D
ERR2515225,rpoB,H445Y
ERR2515227,rpoB,D435V
ERR2515231,rpoB,S450L
ERR2515238,rpoB,S450L
ERR2515242,rpoB,S450L
ERR2514451,rpoB,D435Y
ERR2514487,rpoB,S450L
ERR2514503,rpoB,S450L
ERR2199988,rpoB,S450L
ERR2199994,rpoB,I491F
ERR2199997,rpoB,S450L
ERR2200022,rpoB,I491F
ERR2200025,rpoB,D435A
ERR2200032,rpoB,D3G
ERR2200048,rpoB,D435Y
ERR2510841,rpoB,S450L
ERR2510842,rpoB,S450L
ERR2510843,rpoB,S450L
ERR2510844,rpoB,S450L
ERR2510845,rpoB,S450L
ERR2510846,rpoB,S450L
ERR2510847,rpoB,H445Y
ERR2510848,rpoB,S450L
ERR2510849,rpoB,S450L
ERR2510850,rpoB,S450L
ERR2510851,rpoB,S450L
ERR2510852,rpoB,S450L
ERR2510853,rpoB,S450L
ERR2510854,rpoB,S450L
ERR2510856,rpoB,S450L
ERR2510857,rpoB,S450L
ERR2510858,rpoB,Q432L
ERR2510859,rpoB,S450L
ERR2510860,rpoB,D435V
ERR2510861,rpoB,S450L
ERR2510862,rpoB,S450L
ERR2510863,rpoB,S450L
ERR2510864,rpoB,S450L
ERR2510865,rpoB,S450L
ERR2510867,rpoB,S450L
ERR2510868,rpoB,H445Y
ERR2510869,rpoB,S450L
ERR2510870,rpoB,S450L
ERR2510871,rpoB,S450L
ERR2510872,rpoB,D435V
ERR2510873,rpoB,S450L
ERR2510874,rpoB,D435V
ERR2510875,rpoB,D435V
ERR2510876,rpoB,L452P
ERR2510877,rpoB,S450F
ERR2510878,rpoB,S450L
ERR2510879,rpoB,S450L
ERR2510880,rpoB,S450L
ERR2510881,rpoB,S450L
ERR2510882,rpoB,D435V
ERR2510883,rpoB,S450L
ERR2512386,rpoB,S450L
ERR2512415,rpoB,D515Y
ERR2512419,rpoB,S450L
ERR2512440,rpoB,S450L
SRR6397947,rpoB,S450L
SRR6397949,rpoB,S450L
SRR6397953,rpoB,D435V
SRR6397957,rpoB,S450L
SRR6397962,rpoB,H445D
ERR2199759,rpoB,H445L
ERR2199759,rpoB,L452P
ERR2199762,rpoB,S450L
ERR2199763,rpoB,S450L
ERR2199767,rpoB,I491F
ERR2199768,rpoB,H445D
ERR2199778,rpoB,S450L
ERR2199779,rpoB,S450W
ERR2199786,rpoB,S450L
ERR2199789,rpoB,E639G
ERR2199793,rpoB,H445L
ERR2199799,rpoB,S450L
ERR2199805,rpoB,S450L
ERR2199818,rpoB,S450L
ERR2199836,rpoB,S450L
ERR2199837,rpoB,S450L
ERR2199847,rpoB,S450L
ERR2199848,rpoB,H343Q
ERR2199853,rpoB,S450L
ERR2199854,rpoB,S450L
SRR6397521,rpoB,S450L
SRR6397583,rpoB,D435V
ERR551488,rpoB,I491F
ERR551523,rpoB,H445L
ERR551523,rpoB,L452P
ERR551536,rpoB,I491F
ERR551537,rpoB,S450L
ERR551545,rpoB,S450L
ERR551572,rpoB,D545E
ERR551609,rpoB,I491F
ERR551621,rpoB,S450L
ERR551650,rpoB,S450L
ERR551692,rpoB,S450L
ERR551739,rpoB,H445L
ERR551757,rpoB,I491F
ERR551758,rpoB,I491F
ERR551801,rpoB,H445L
ERR551896,rpoB,H445D
ERR551899,rpoB,H445Y
ERR551920,rpoB,S450L
ERR551937,rpoB,S450L
ERR551938,rpoB,S450L
ERR551953,rpoB,S450L
ERR551969,rpoB,I491F
ERR552000,rpoB,H445L
ERR552010,rpoB,S450L
ERR552070,rpoB,I491F
ERR552073,rpoB,S450L
ERR552074,rpoB,S450L
ERR552075,rpoB,S450L
ERR552077,rpoB,I491F
ERR552083,rpoB,I491F
ERR552115,rpoB,H445L
ERR552118,rpoB,I491F
ERR552124,rpoB,I491F
ERR552149,rpoB,I491F
ERR552150,rpoB,I491F
ERR552151,rpoB,S450L
ERR552181,rpoB,S450L
ERR552182,rpoB,S450L
ERR552193,rpoB,I491F
ERR552253,rpoB,I491F
ERR552254,rpoB,I491F
ERR552273,rpoB,H445D
ERR552288,rpoB,S450L
ERR552295,rpoB,S450L
ERR552296,rpoB,S450L
ERR552361,rpoB,S450L
ERR552405,rpoB,I491F
ERR552415,rpoB,S450L
ERR552420,rpoB,D435Y
ERR552456,rpoB,H445D
ERR552463,rpoB,S450L
ERR552484,rpoB,I491F
ERR552487,rpoB,I491F
ERR552491,rpoB,I491F
ERR2516351,rpoB,S450L
ERR2516352,rpoB,S450F
ERR2516356,rpoB,S450L
ERR2516357,rpoB,V170F
ERR2516359,rpoB,S450L
ERR2516361,rpoB,S450L
ERR2516364,rpoB,S450L
ERR2516365,rpoB,S450L
ERR2516367,rpoB,S450L
ERR2516373,rpoB,S450L
ERR2516375,rpoB,S450L
ERR2516377,rpoB,S450L
ERR2516382,rpoB,S450L
ERR2516387,rpoB,S450L
ERR2516389,rpoB,H445D
ERR2516390,rpoB,S450L
ERR2516391,rpoB,D435V
ERR2516392,rpoB,H445L
ERR2516396,rpoB,S450L
ERR2516397,rpoB,S450L
ERR2516399,rpoB,S450L
ERR2516400,rpoB,H445D
ERR2516401,rpoB,S450L
ERR2516402,rpoB,S450L
ERR2516403,rpoB,D435Y
ERR2516404,rpoB,S450L
ERR2516405,rpoB,S450L
ERR2516406,rpoB,S450L
ERR2516407,rpoB,S450L
ERR2516408,rpoB,S450L
ERR2516409,rpoB,S450L
ERR2516410,rpoB,S450W
ERR2516411,rpoB,S450L
ERR2516412,rpoB,D435V
ERR2516413,rpoB,D435V
ERR2516414,rpoB,D435Y
ERR2516414,rpoB,V695L
ERR2516415,rpoB,D435V
ERR2516416,rpoB,S450L
ERR2516417,rpoB,S450L
ERR2516418,rpoB,D435V
ERR2516419,rpoB,S450L
ERR2516421,rpoB,H445Y
ERR2516422,rpoB,S450L
ERR2516423,rpoB,D435V
ERR2516424,rpoB,S450L
ERR2516425,rpoB,S450L
ERR2516426,rpoB,H445C
ERR2516427,rpoB,S450L
ERR2516429,rpoB,D435V
ERR2516430,rpoB,D435V
ERR2516430,rpoB,V695L
ERR2516431,rpoB,H445R
ERR2516432,rpoB,S450L
ERR2516434,rpoB,H445C
ERR2516435,rpoB,S450L
ERR2516437,rpoB,I491F
ERR2516438,rpoB,S450L
ERR2516439,rpoB,S450L
ERR2516440,rpoB,D435Y
ERR2516441,rpoB,H445C
ERR2516442,rpoB,H445Y
ERR2516442,rpoB,S450L
ERR2516443,rpoB,S450L
ERR2516444,rpoB,S450L
ERR2516445,rpoB,S450L
ERR2516447,rpoB,S450L
ERR2516448,rpoB,S450L
ERR2516449,rpoB,S450L
ERR2515445,rpoB,S450L
ERR2515448,rpoB,S450L
ERR2515458,rpoB,S450L
ERR2515465,rpoB,S450L
ERR2515466,rpoB,S450L
ERR2515473,rpoB,D435V
ERR2515474,rpoB,S450L
ERR2515475,rpoB,S450L
ERR2515479,rpoB,S450L
ERR2515482,rpoB,V170F
ERR2515486,rpoB,D435V
ERR2515488,rpoB,S450L
ERR2515498,rpoB,S450L
ERR2515506,rpoB,S450L
ERR2515513,rpoB,S450L
ERR2515514,rpoB,S450L
ERR2515518,rpoB,H445Y
ERR2515519,rpoB,S450L
ERR2515520,rpoB,S450L
ERR2515523,rpoB,S450L
ERR2515528,rpoB,S450L
ERR2515532,rpoB,S450L
ERR2515539,rpoB,H445D
ERR2515541,rpoB,D435V
ERR2515542,rpoB,H445Y
ERR2515544,rpoB,S450L
ERR2515546,rpoB,S450L
ERR2515754,rpoB,D435G
ERR2515754,rpoB,L452P
ERR2515756,rpoB,Q432P
ERR2515758,rpoB,S450L
ERR2515759,rpoB,S450L
ERR2515768,rpoB,S450L
ERR2515776,rpoB,D435G
ERR2515776,rpoB,L452P
ERR2515777,rpoB,S450L
ERR2515781,rpoB,H445D
ERR2515789,rpoB,S450L
ERR2515794,rpoB,S450L
ERR2515797,rpoB,S450L
ERR2515798,rpoB,S450L
ERR2515801,rpoB,D435V
ERR2515802,rpoB,S450L
ERR2515810,rpoB,S450L
ERR2515812,rpoB,H445D
ERR2515826,rpoB,S450L
ERR2515833,rpoB,D435V
ERR2515835,rpoB,S450L
ERR2515839,rpoB,D435V
ERR067603,rpoB,S450L
ERR067609,rpoB,S450L
ERR067612,rpoB,Q432P
ERR067613,rpoB,S450L
ERR067615,rpoB,S450L
ERR067618,rpoB,S450L
ERR067619,rpoB,S450L
ERR067620,rpoB,S450L
ERR067622,rpoB,S450L
ERR067625,rpoB,S450L
ERR067627,rpoB,S450W
ERR067630,rpoB,S450L
ERR067631,rpoB,S450L
ERR067635,rpoB,S450L
ERR067641,rpoB,S450L
ERR067643,rpoB,S450L
ERR067644,rpoB,S450L
ERR067645,rpoB,H445D
ERR067647,rpoB,S450L
ERR067649,rpoB,S450L
ERR067650,rpoB,S450L
ERR067651,rpoB,S450L
ERR067653,rpoB,S450L
ERR067654,rpoB,S450L
ERR067656,rpoB,S450L
ERR067657,rpoB,S450L
ERR067659,rpoB,S450L
ERR067660,rpoB,S450L
ERR067663,rpoB,S450L
ERR067665,rpoB,S450L
ERR067666,rpoB,H445N
ERR067667,rpoB,S450L
ERR067668,rpoB,S450L
ERR067671,rpoB,S450L
ERR067672,rpoB,S450L
ERR067673,rpoB,S450L
ERR067674,rpoB,S450L
ERR067677,rpoB,S450L
ERR067679,rpoB,S450L
ERR067685,rpoB,S450L
ERR067687,rpoB,S450L
ERR067691,rpoB,S450L
ERR067692,rpoB,S450L
ERR067694,rpoB,S450L
ERR067695,rpoB,S450L
ERR067696,rpoB,S450L
ERR067697,rpoB,S450L
ERR067704,rpoB,S450L
ERR067705,rpoB,S450L
ERR067707,rpoB,S450L
ERR067709,rpoB,S450L
ERR067711,rpoB,S450L
ERR067714,rpoB,S450L
ERR067717,rpoB,S450L
ERR067718,rpoB,S450L
ERR067721,rpoB,S450L
ERR067722,rpoB,S450L
ERR067723,rpoB,S450L
ERR067724,rpoB,S450L
ERR067728,rpoB,S450L
SRR5709762,rpoB,S450L
SRR5709763,rpoB,H445Y
SRR5709764,rpoB,S450L
SRR5709765,rpoB,S450L
SRR5709789,rpoB,S450L
SRR5709859,rpoB,V170F
SRR5709881,rpoB,S450L
SRR5709882,rpoB,H445L
SRR5709884,rpoB,S450L
SRR5709885,rpoB,S450L
SRR5709886,rpoB,H445Y
SRR5709887,rpoB,S450L
SRR5709888,rpoB,H445R
SRR5709889,rpoB,S450L
SRR5709890,rpoB,S450L
SRR5709892,rpoB,S450L
SRR5709899,rpoB,S450L
SRR5709900,rpoB,S450L
SRR5709904,rpoB,S450L
SRR5709905,rpoB,H445D
SRR5709906,rpoB,S450L
SRR5709907,rpoB,S450L
SRR5709909,rpoB,H445Y
SRR5709910,rpoB,S450L
SRR5709911,rpoB,S450L
SRR5709915,rpoB,S450L
SRR5709932,rpoB,L452P
SRR5709933,rpoB,H445Y
SRR5709934,rpoB,S450L
SRR5709935,rpoB,S441L
SRR5709935,rpoB,H674Q
SRR5709938,rpoB,S450L
SRR5709950,rpoB,S450L
SRR5709951,rpoB,S450L
SRR5709952,rpoB,S450L
SRR5709953,rpoB,H445G
SRR5709960,rpoB,S450L
SRR5709984,rpoB,L452P
ERR2516055,rpoB,D435V
ERR2516057,rpoB,S450L
ERR2516060,rpoB,S450L
ERR2516063,rpoB,D435V
ERR2516064,rpoB,D435V
ERR2516066,rpoB,S450L
ERR2516068,rpoB,S450L
ERR2516069,rpoB,S450L
ERR2516070,rpoB,D435V
ERR2516074,rpoB,S450L
ERR2516077,rpoB,H445C
ERR2516078,rpoB,S450L
ERR2516090,rpoB,H445Y
ERR2516091,rpoB,H445Y
ERR2516097,rpoB,H445R
ERR2516111,rpoB,H445D
ERR2516123,rpoB,L452P
ERR2516124,rpoB,D435N
ERR2516125,rpoB,H445Y
ERR2516125,rpoB,S450L
ERR2516129,rpoB,S450L
ERR2516136,rpoB,S450L
ERR2516138,rpoB,S450L
ERR2516143,rpoB,S450L
ERR2510242,rpoB,D435V
ERR2510243,rpoB,S450L
ERR2510244,rpoB,S195R
ERR2510244,rpoB,H445Y
ERR2510245,rpoB,S450L
ERR2510246,rpoB,S450L
ERR2510249,rpoB,D435Y
ERR2510250,rpoB,S450L
ERR2510251,rpoB,S450L
ERR2510252,rpoB,S450L
ERR2510253,rpoB,S450L
ERR2510254,rpoB,S450L
ERR2510256,rpoB,L430P
ERR2510257,rpoB,D435V
ERR2510260,rpoB,S450L
ERR2510264,rpoB,S450L
ERR2510265,rpoB,S450L
ERR2510266,rpoB,H445L
ERR2510270,rpoB,S450L
ERR2510271,rpoB,S450W
ERR2510272,rpoB,S450L
ERR2510274,rpoB,S450L
ERR2510277,rpoB,L452P
ERR2510278,rpoB,H445N
ERR2510279,rpoB,S450L
ERR2510280,rpoB,S450L
ERR2510282,rpoB,S450L
ERR2510283,rpoB,L430P
ERR2510284,rpoB,S450L
ERR2510285,rpoB,L430P
ERR2510285,rpoB,M434I
ERR2510286,rpoB,D435Y
ERR2510289,rpoB,S450L
ERR2510290,rpoB,S450L
ERR2510291,rpoB,S450W
ERR2510292,rpoB,M434I
ERR2510292,rpoB,D435G
ERR2510293,rpoB,S450L
ERR2510294,rpoB,S450L
ERR2510295,rpoB,H445N
ERR2510296,rpoB,Q432K
ERR2510297,rpoB,S450L
ERR2510298,rpoB,S450L
ERR2510299,rpoB,S450L
ERR2510300,rpoB,D435V
ERR2510301,rpoB,S450L
ERR2510302,rpoB,S450L
ERR2510303,rpoB,D435V
ERR2510304,rpoB,Q432K
ERR2510305,rpoB,S450L
ERR2510306,rpoB,S450L
ERR2510307,rpoB,H445P
ERR2510309,rpoB,H445D
ERR2510310,rpoB,S450L
ERR2510311,rpoB,S450L
ERR2510312,rpoB,H445C
ERR2510313,rpoB,H445Y
ERR2510315,rpoB,S450L
ERR2510316,rpoB,S450L
ERR2510317,rpoB,S450L
ERR2510318,rpoB,H445R
ERR2510321,rpoB,S450L
ERR2510324,rpoB,H445L
ERR2510329,rpoB,S450L
ERR2510336,rpoB,H445N
ERR2510336,rpoB,L452P
ERR2510338,rpoB,S450L
ERR2510340,rpoB,S450L
ERR2516152,rpoB,S450L
ERR2516160,rpoB,S450L
ERR2516161,rpoB,S450L
ERR2516163,rpoB,E563D
ERR2516166,rpoB,S450L
ERR2516167,rpoB,D435V
ERR2516175,rpoB,S450L
ERR2516176,rpoB,S450L
ERR2516177,rpoB,S450L
ERR2516178,rpoB,M390T
ERR2516178,rpoB,D435V
ERR2516179,rpoB,H445N
ERR2516181,rpoB,D435V
ERR2516183,rpoB,S450L
ERR2516186,rpoB,S450L
ERR2516188,rpoB,S450L
ERR2516190,rpoB,S450L
ERR2516192,rpoB,S450L
ERR2516196,rpoB,S450L
ERR2516198,rpoB,S450L
ERR2516199,rpoB,S450L
ERR2516203,rpoB,S450L
ERR2516206,rpoB,H445D
ERR2516208,rpoB,S450L
ERR2516209,rpoB,S450L
ERR2516213,rpoB,S450L
ERR2516214,rpoB,S450L
ERR2516217,rpoB,S450L
ERR2516219,rpoB,Q432L
ERR2516220,rpoB,S450L
ERR2516220,rpoB,V695L
ERR2516226,rpoB,S450L
ERR2516229,rpoB,S450L
ERR2516230,rpoB,S450L
ERR2516232,rpoB,S450L
ERR2516237,rpoB,S450L
ERR2516239,rpoB,S450L
ERR2516243,rpoB,S450L
ERR2516245,rpoB,H445L
ERR2516249,rpoB,S450L
SRR5709748,rpoB,Q432P
SRR5709750,rpoB,S450L
SRR5709768,rpoB,S450L
SRR5709769,rpoB,S450L
SRR5709770,rpoB,S450L
SRR5709772,rpoB,S450L
SRR5709774,rpoB,H445Y
SRR5709775,rpoB,S450L
SRR5709781,rpoB,S450L
SRR5709803,rpoB,S450L
SRR5709805,rpoB,D435V
SRR5709806,rpoB,H445Y
SRR5709807,rpoB,S450L
SRR5709808,rpoB,S450L
SRR5709809,rpoB,S450L
SRR5709810,rpoB,H445Y
SRR5709811,rpoB,S450L
SRR5709812,rpoB,S450L
SRR5709813,rpoB,S450L
SRR5709814,rpoB,L452P
SRR5709816,rpoB,S450L
SRR5709817,rpoB,S450L
SRR5709818,rpoB,S450L
SRR5709819,rpoB,S450L
SRR5709820,rpoB,H445Y
SRR5709823,rpoB,S441L
SRR5709824,rpoB,S450Q
SRR5709825,rpoB,H445Y
SRR5709826,rpoB,H445D
SRR5709837,rpoB,S450L
SRR5709839,rpoB,S450L
SRR5709840,rpoB,S450L
SRR5709841,rpoB,S450L
SRR5709842,rpoB,S450L
SRR5709843,rpoB,S450L
SRR5709844,rpoB,S450L
SRR5709847,rpoB,D435V
SRR5709849,rpoB,H445Y
SRR5709860,rpoB,S450L
SRR5709862,rpoB,S450L
SRR5709863,rpoB,S450L
SRR5709864,rpoB,D435Y
SRR5709866,rpoB,H445Y
SRR5709867,rpoB,S450L
SRR5709873,rpoB,S441L
SRR5709874,rpoB,D435V
SRR5709876,rpoB,H445Y
SRR5709877,rpoB,S450L
SRR5709878,rpoB,S450L
SRR5709879,rpoB,S450L
SRR5709880,rpoB,D435A
SRR5709880,rpoB,L452P
SRR5709883,rpoB,S450L
SRR5709893,rpoB,S450L
SRR5709894,rpoB,H445Y
SRR5709895,rpoB,H445D
SRR5709896,rpoB,L452P
SRR5709897,rpoB,S450L
SRR5709898,rpoB,S450L
SRR5709901,rpoB,S450L
SRR5709903,rpoB,S450L
SRR5709920,rpoB,L452P
SRR5709922,rpoB,H445L
SRR5709923,rpoB,H445D
SRR5709926,rpoB,H445Y
SRR5709926,rpoB,D545E
SRR5709927,rpoB,Q432L
SRR5709929,rpoB,S450L
SRR5709930,rpoB,S450L
SRR5709961,rpoB,D435Y
SRR5709961,rpoB,S450L
SRR5709962,rpoB,D435V
SRR5709964,rpoB,D435Y
SRR5709965,rpoB,S450L
SRR5709968,rpoB,D435V
SRR5709970,rpoB,H445Y
SRR5709989,rpoB,D435V
SRR5709990,rpoB,H445D
SRR5709991,rpoB,S450W
SRR5709992,rpoB,D435Y
SRR5709992,rpoB,H445Y
SRR5709992,rpoB,L452P
SRR5709994,rpoB,D435Y
SRR5709994,rpoB,H445Y
SRR5710007,rpoB,S450L
SRR5710009,rpoB,S450L
SRR5710010,rpoB,H445Y
SRR5710011,rpoB,H445Y
SRR5710012,rpoB,D435V
SRR5710024,rpoB,H445D
SRR5710025,rpoB,H445D
SRR6152899,rpoB,M434I
SRR6152899,rpoB,D435A
SRR6397420,rpoB,D435F
SRR6397471,rpoB,S450L
SRR6397477,rpoB,S450L
SRR6397484,rpoB,K944E
SRR6397506,rpoB,D435V
ERR2199903,rpoB,L430P
ERR2199914,rpoB,S450W
SRR6044999,rpoB,S450L
SRR6045759,rpoB,L452P
SRR6045972,rpoB,H445D
SRR6046579,rpoB,D435F
SRR6046680,rpoB,H445D
ERR2510441,rpoB,H445Y
ERR2510442,rpoB,S450L
ERR2510443,rpoB,D435F
ERR2510447,rpoB,L430P
ERR2510448,rpoB,H445L
ERR2510449,rpoB,S450L
ERR2510450,rpoB,S450L
ERR2510451,rpoB,S450L
ERR2510453,rpoB,S450L
ERR2510454,rpoB,H445L
ERR2510455,rpoB,S450W
ERR2510456,rpoB,S450L
ERR2510457,rpoB,S450L
ERR2510458,rpoB,D435V
ERR2510459,rpoB,S450L
ERR2510460,rpoB,D435V
ERR2510461,rpoB,S450L
ERR2510462,rpoB,S450L
ERR2510463,rpoB,S450W
ERR2510464,rpoB,S450L
ERR2510465,rpoB,S450L
ERR2510466,rpoB,H445R
ERR2510467,rpoB,D435V
ERR2510468,rpoB,H445N
ERR2510469,rpoB,D435V
ERR2510470,rpoB,S450L
ERR2510471,rpoB,S450L
ERR2510472,rpoB,S450L
ERR2510473,rpoB,S450L
ERR2510474,rpoB,S450L
ERR2510475,rpoB,M434I
ERR2510477,rpoB,L452P
ERR2510478,rpoB,H445Y
ERR2510478,rpoB,S450L
ERR2510479,rpoB,D435Y
ERR2510480,rpoB,D435V
ERR2510481,rpoB,Q432K
ERR2510482,rpoB,S450L
ERR2510483,rpoB,H445Y
ERR2510484,rpoB,S450L
ERR2510485,rpoB,H445L
ERR2510486,rpoB,S450L
ERR2510487,rpoB,S450L
ERR2510488,rpoB,L452P
ERR2510489,rpoB,S450L
ERR2510490,rpoB,L452P
ERR2510491,rpoB,S450L
ERR2510492,rpoB,H445C
ERR2510493,rpoB,D435Y
ERR2510494,rpoB,S450L
ERR2510495,rpoB,H445D
ERR2510496,rpoB,S450L
ERR2510497,rpoB,S450L
ERR2510498,rpoB,S450L
ERR2510499,rpoB,D435Y
ERR2510500,rpoB,D435Y
ERR2510501,rpoB,S450L
ERR2510502,rpoB,S450L
ERR2510503,rpoB,D435G
ERR2510504,rpoB,D435Y
ERR2510505,rpoB,D435Y
ERR2510506,rpoB,S450L
ERR2510507,rpoB,D435V
ERR2510509,rpoB,S450L
ERR2510510,rpoB,S450L
ERR2510511,rpoB,D435V
ERR2510512,rpoB,D435V
ERR2510513,rpoB,D435V
ERR2510514,rpoB,H445Y
ERR2510515,rpoB,H445Y
ERR2510516,rpoB,S450L
ERR2510517,rpoB,S450L
ERR2510518,rpoB,S450L
ERR2510519,rpoB,D435V
ERR2510520,rpoB,S450L
ERR2510521,rpoB,S450L
ERR2510522,rpoB,S450L
ERR2510523,rpoB,S450L
ERR2510523,rpoB,L452P
ERR2510524,rpoB,S450L
ERR2510526,rpoB,S450L
ERR2510527,rpoB,S450L
ERR2510528,rpoB,S450L
ERR2510529,rpoB,S450L
ERR2510530,rpoB,S450L
ERR2510531,rpoB,D435Y
ERR2510532,rpoB,S450L
ERR2510533,rpoB,L430P
ERR2510534,rpoB,S450L
ERR2510535,rpoB,L452P
ERR2510536,rpoB,S450L
ERR2510538,rpoB,S450L
ERR2510539,rpoB,D435V
ERR2510540,rpoB,S450L
ERR144595,rpoB,S450L
ERR144596,rpoB,L430P
ERR144597,rpoB,S450L
ERR144600,rpoB,S450L
ERR144607,rpoB,S450L
ERR144608,rpoB,L430P
ERR144611,rpoB,S450L
ERR144619,rpoB,S450L
ERR144620,rpoB,S450L
ERR144622,rpoB,H445L
ERR144623,rpoB,S450L
ERR144624,rpoB,S450L
ERR144625,rpoB,H445D
ERR144625,rpoB,S450L
ERR144628,rpoB,S450L
ERR144631,rpoB,S450L
ERR144632,rpoB,S450L
ERR144633,rpoB,S450L
ERR144634,rpoB,S450L
ERR144635,rpoB,S450L
ERR144636,rpoB,S450L
ERR158569,rpoB,H445D
ERR158570,rpoB,D435V
ERR158572,rpoB,L430P
ERR158576,rpoB,S450L
ERR158579,rpoB,D435V
ERR158580,rpoB,S450L
ERR158581,rpoB,S450L
ERR158585,rpoB,S450L
ERR158587,rpoB,S450L
ERR158588,rpoB,S450L
ERR158590,rpoB,H445L
ERR158590,rpoB,S450L
ERR158592,rpoB,S450L
ERR158595,rpoB,S450W
ERR158596,rpoB,S450L
ERR158598,rpoB,S450L
ERR158611,rpoB,S450L
ERR158613,rpoB,S450L
ERR158616,rpoB,S450L
ERR1768629,rpoB,S450L
ERR1768638,rpoB,S450L
ERR2041682,rpoB,S450L
ERR2041683,rpoB,S450W
ERR2041684,rpoB,S450L
ERR2041685,rpoB,S450L
ERR2041686,rpoB,S450W
ERR2041687,rpoB,S450W
ERR2041688,rpoB,S450L
ERR2041689,rpoB,S450L
ERR2041690,rpoB,S450L
ERR2041691,rpoB,S450L
ERR2041692,rpoB,S450L
ERR2041693,rpoB,S450L
ERR2041694,rpoB,S450L
ERR2041695,rpoB,S450L
ERR2041696,rpoB,S450L
ERR2041698,rpoB,S450W
ERR2041699,rpoB,S450W
ERR2041700,rpoB,S450W
ERR2041701,rpoB,S450L
ERR2041702,rpoB,S450L
ERR2041703,rpoB,S450L
ERR2041704,rpoB,S450L
ERR2041705,rpoB,S450L
ERR2041706,rpoB,S450L
ERR2041707,rpoB,H445L
ERR2041708,rpoB,H445L
ERR2041709,rpoB,S450L
ERR2041710,rpoB,S450L
ERR2041711,rpoB,S450L
ERR2041712,rpoB,S450L
ERR2041713,rpoB,Q432K
ERR2041714,rpoB,Q432K
ERR2041715,rpoB,S450L
ERR2041716,rpoB,S450L
ERR2041717,rpoB,H445D
ERR2041718,rpoB,S450W
ERR2041719,rpoB,D435V
ERR2512591,rpoB,S450L
ERR2512596,rpoB,S450L
ERR2512606,rpoB,D435N
ERR2512626,rpoB,D435Y
ERR2512633,rpoB,T350I
ERR2512633,rpoB,S388L
