Sample,Gene,SNP,Phenotype
ERR2515382,rpoB,S441V,R
ERR2517559,rpoB,L449Q,R
ERR2517617,rpoB,L449Q,R
ERR2513382,rpoB,S441A,R
ERR2513382,rpoB,G442E,R
ERR2513382,rpoB,L443M,R
ERR2516757,rpoB,L430R,R
SRR5817470,rpoB,S441M,R
SRR5817473,rpoB,H445Q,R
SRR671767,rpoB,S428R,R
SRS935942,rpoB,S431G,R
SRR6046509,rpoB,L449Q,R
ERR2510342,rpoB,Q429H,R
ERR2510400,rpoB,T427I,R
ERR2510419,rpoB,T427I,R
ERR2510419,rpoB,N437Y,R
ERR2510435,rpoB,S428R,R
ERR2516564,rpoB,R448K,R
ERR2516579,rpoB,S450C,R
ERR2514228,rpoB,L449Q,R
SRR6044937,rpoB,L449Q,R
SRR6045810,rpoB,L449Q,R
SRR6046733,rpoB,S441A,R
ERR2514024,rpoB,L449Q,R
ERR2513488,rpoB,N437D,R
ERR553282,rpoB,N437D,R
SRR6046440,rpoB,S441A,R
SRR6046764,rpoB,L449Q,R
ERR2515615,rpoB,L430R,R
ERR2516470,rpoB,S428R,R
ERR2516541,rpoB,L430R,R
ERR2514430,rpoB,S441A,R
ERR2514430,rpoB,G442E,R
ERR2514430,rpoB,L443M,R
ERR551242,rpoB,N437D,R
ERR2512679,rpoB,L449Q,R
ERR2514579,rpoB,L449Q,R
ERR2514801,rpoB,S441A,R
ERR2514801,rpoB,G442E,R
ERR2514801,rpoB,L443M,R
ERR2514968,rpoB,S441A,R
SRR6044983,rpoB,S441A,R
SRR6045039,rpoB,L449Q,R
ERR2515999,rpoB,T427S,R
ERR2514695,rpoB,L449Q,R
SRR6046642,rpoB,G426S,R
SRR5710018,rpoB,D435E,R
SRR5710018,rpoB,S441M,R
ERR2512423,rpoB,S441A,R
ERR2512423,rpoB,G442E,R
ERR2512423,rpoB,L443M,R
ERR551757,rpoB,Q436P,R
ERR551757,rpoB,G442R,R
ERR551758,rpoB,Q436P,R
ERR551758,rpoB,G442R,R
ERR2516414,rpoB,L430R,R
SRR6046785,rpoB,L449Q,R
